Workbook
Name adat25: [1]S25A60_feld!$A$1:$O$113
Name adatok: [2]S15A60_feld!$A$1:$O$127
Name alap_fny: [3]vizsgálat!$U$3:$U$1222
Name alap_vtg: [3]vizsgálat!$V$3:$V$1222
Name aszfalt_vtg: [3]vizsgálat!$AM$3:$AM$1222
Name átk_érték: [3]új!$M$3:$M$31
Name átk_kmsz: [3]új!$L$3:$L$31
Name beh_kmsz: [3]új!$E$3:$E$32
Name behajlás: [3]új!$F$3:$F$32
Name beton_kmsz: [3]utolsó!$Q$3:$Q$20
Name beton_vtg: [3]utolsó!$S$3:$S$20
Name burk_áll: [3]új!$I$3:$I$40
Name burkolatszélesség: [3]utolsó!$V$3:$V$244
Name burkszél_kmsz: [3]utolsó!$U$3:$U$244
Name ero: [4]MET!$E$9
Name erősítő_kmsz: [3]utolsó!$G$3:$G$94
Name erősítő_vtg: [3]utolsó!$H$3:$H$94
Name fajlagos_nyommélység: [3]vizsgálat!$AF$3:$AF$1222
Name felületépség: [5]vizsgálat!$AM$3:$AM$1222
Name határ: [3]adatok!$B$19
Name képlet: [3]új!$S$1:$T$1
Name kezd: [3]adatok!$B$17
Name kmsz: [3]vizsgálat!$T$3:$T$1222
Name kmsz_hely: [3]vizsgálat!$AA$3:$AA$1222
Name kopó_fny: [3]vizsgálat!$Y$3:$Y$1222
Name kopó_vtg: [3]vizsgálat!$Z$3:$Z$1222
Name korr_f1: [4]MET!$I$23
Name korr_f2: [4]MET!$I$24
Name kötő_fny: [3]vizsgálat!$W$3:$W$1222
Name kötő_vtg: [3]vizsgálat!$X$3:$X$1222
Name lista: #REF!
Name lreom: #REF!
Name marás_kmsz: [3]utolsó!$D$3:$D$21
Name marás_vtg: [3]utolsó!$E$3:$E$21
Name maximum: [3]adatok!$D$4
Name mért_kmsz: [3]mérés!$A$2:$A$4825
Name mért_nym: [3]mérés!$B$2:$B$4825
Name minimum: [3]adatok!$D$3
Name mod_e1: [4]MET!$E$16
Name mod_e2: [4]MET!$E$17
Name mod_e3: [4]MET!$E$18
Name OKA_burk: [3]még!$B$2:$B$232
Name OKA_kmsz: [3]még!$A$2:$A$232
Name OKA_vízt: [3]még!$C$2:$C$232
Name pdb: #REF!
Name poisson_v1: [4]MET!$M$16
Name poisson_v2: [4]MET!$M$17
Name poisson_v3: [4]MET!$M$18
Name pontok: [3]vizsgálat!$AI$3
Name rdb: #REF!
Name rétegvastagság: [3]vizsgálat!$AG$3:$AG$1222
Name rm_kmsz: [3]új!$H$3:$H$40
Name rvtg_h1: [4]MET!$I$16
Name rvtg_h2: [4]MET!$I$17
Name skála: [3]vizsgálat!$J$3:$J$1222
Name sugar: [4]MET!$E$8
Name szakasz: [3]vizsgálat!$B$3:$B$81
Name szeg_b2: [3]új!$S$3:$S$270
Name szeg_bal: [3]új!$Q$3:$Q$270
Name szeg_j2: [3]új!$T$3:$T$270

Sheet paraméter számoló (2)
B1: 0 | C1: 200 | D1: 300 | E1: 450 | F1: 600 | G1: 900 | H1: 1200 | I1: 0 | J1: =LOG10(C1) -> 2.30103 | K1: =LOG10(D1) -> 2.4771213 | L1: =LOG10(E1) -> 2.6532125 | M1: =LOG10(F1) -> 2.7781513 | N1: =LOG10(G1) -> 2.9542425 | O1: =LOG10(H1) -> 3.0791812
B2: D1 | C2: D2 | D2: D3 | E2: D4 | F2: D5 | G2: D6 | H2: D7 | I2: D1 | J2: D2 | K2: D3 | L2: D4 | M2: D5 | N2: D6 | O2: D7 | P2: α | Q2: β | R2: c | S2: R0 (m) | T2: R1 (m) | U2: L (mm) | V2: T (mm2) | W2: l | Y2: SCI | Z2: BDI | AA2: BCI | AC2: D1 | AD2: D2 | AE2: D3 | AF2: D4 | AG2: D5 | AH2: D6 | AI2: D7
B3: 0 | C3: 200 | D3: 300 | E3: 450 | F3: 600 | G3: 900 | H3: 1200 | AC3: 0 | AD3: 200 | AE3: 300 | AF3: 450 | AG3: 600 | AH3: 900 | AI3: 1200
A4: 378 | B4: 213.8 | C4: 186.4 | D4: 167.8 | E4: 136.2 | F4: 115.7 | G4: 72.7 | H4: 45.2 | I4: =B4/1000 -> 0.2138 | J4: =LOG10((((3*150*150)*B4)/C4)-((3*150*150))) -> 3.9966084 | K4: =LOG10((((3*150*150)*B4)/D4)-((3*150*150))) -> 4.2672696 | L4: =LOG10((((3*150*150)*B4)/E4)-((3*150*150))) -> 4.5849884 | M4: =LOG10((((3*150*150)*B4)/F4)-((3*150*150))) -> 4.7576394 | N4: =LOG10((((3*150*150)*B4)/G4)-((3*150*150))) -> 5.1172964 | O4: =LOG10((((3*150*150)*B4)/H4)-((3*150*150))) -> 5.4010229 | P4: =10^(INTERCEPT(J4:O4,$J$1:$O$1)) -> 0.71307304 | Q4: =LINEST(J4:O4,$J$1:$O$1) -> 1.7857619 | R4: =ROUND(10^((SUM(J4:N4)-2*SUM($J$1:$N$1))/5),3) -> 0.19 | S4: =ROUND(-1.5*((150^2)/(R4*I4))/1000,0) -> -831 | T4: =-4*S4 -> 3324 | U4: =ROUND(150/(R4^0.5),0) -> 344 | V4: =ROUND(150*I4*ATAN((1800*SQRT(3*R4))/(3*150))*SQRT(3/(R4)),0) -> 159 | W4: =ROUND(1/SQRT(R4),3) -> 2.294 | Y4: =ROUND(B4-D4,3) -> 46 | Z4: =ROUND(D4-F4,3) -> 52.1 | AA4: =ROUND(F4-G4,3) -> 43 | AC4: =((B4)*3*150^2)/(R4*$AC$3^2+3*150^2) -> 213.8 | AD4: =((B4)*3*150^2)/(R4*$AD$3^2+3*150^2) -> 192.16378 | AE4: =((B4)*3*150^2)/(R4*$AE$3^2+3*150^2) -> 170.58511 | AF4: =((B4)*3*150^2)/(R4*$AF$3^2+3*150^2) -> 136.17834 | AG4: =((B4)*3*150^2)/(R4*$AG$3^2+3*150^2) -> 106.19205 | AH4: =((B4)*3*150^2)/(R4*$AH$3^2+3*150^2) -> 65.182927 | AI4: =((B4)*3*150^2)/(R4*$AI$3^2+3*150^2) -> 42.308707 | AJ4: =ROUND((-0.07/(2*S4))*1000000,0) -> 42
A5: 380 | B5: 201.6 | C5: 175.2 | D5: 156.7 | E5: 127.5 | F5: 108.1 | G5: 68.1 | H5: 41.6 | I5: =B5/1000 -> 0.2016 | J5: =LOG10((((3*150*150)*B5)/C5)-((3*150*150))) -> 4.0073736 | K5: =LOG10((((3*150*150)*B5)/D5)-((3*150*150))) -> 4.2864811 | L5: =LOG10((((3*150*150)*B5)/E5)-((3*150*150))) -> 4.5936118 | M5: =LOG10((((3*150*150)*B5)/F5)-((3*150*150))) -> 4.7662897 | N5: =LOG10((((3*150*150)*B5)/G5)-((3*150*150))) -> 5.1216379 | O5: =LOG10((((3*150*150)*B5)/H5)-((3*150*150))) -> 5.4143304 | P5: =10^(INTERCEPT(J5:O5,$J$1:$O$1)) -> 0.75966553 | Q5: =LINEST(J5:O5,$J$1:$O$1) -> 1.7796035 | R5: =ROUND(10^((SUM(J5:N5)-2*SUM($J$1:$N$1))/5),3) -> 0.195 | S5: =ROUND(-1.5*((150^2)/(R5*I5))/1000,0) -> -859 | T5: =-4*S5 -> 3436 | U5: =ROUND(150/(R5^0.5),0) -> 340 | V5: =ROUND(150*I5*ATAN((1800*SQRT(3*R5))/(3*150))*SQRT(3/(R5)),0) -> 149 | W5: =ROUND(1/SQRT(R5),3) -> 2.265 | Y5: =ROUND(B5-D5,3) -> 44.9 | Z5: =ROUND(D5-F5,3) -> 48.6 | AA5: =ROUND(F5-G5,3) -> 40 | AC5: =((B5)*3*150^2)/(R5*$AC$3^2+3*150^2) -> 201.6 | AD5: =((B5)*3*150^2)/(R5*$AD$3^2+3*150^2) -> 180.71713 | AE5: =((B5)*3*150^2)/(R5*$AE$3^2+3*150^2) -> 160 | AF5: =((B5)*3*150^2)/(R5*$AF$3^2+3*150^2) -> 127.19243 | AG5: =((B5)*3*150^2)/(R5*$AG$3^2+3*150^2) -> 98.823529 | AH5: =((B5)*3*150^2)/(R5*$AH$3^2+3*150^2) -> 60.359281 | AI5: =((B5)*3*150^2)/(R5*$AI$3^2+3*150^2) -> 39.069767 | AJ5: =ROUND((-0.07/(2*S5))*1000000,0) -> 41
A6: 383 | B6: 199.6 | C6: 173.1 | D6: 155 | E6: 125.7 | F6: 107.1 | G6: 67.1 | H6: 40.8 | I6: =B6/1000 -> 0.1996 | J6: =LOG10((((3*150*150)*B6)/C6)-((3*150*150))) -> 4.0142526 | K6: =LOG10((((3*150*150)*B6)/D6)-((3*150*150))) -> 4.2883069 | L6: =LOG10((((3*150*150)*B6)/E6)-((3*150*150))) -> 4.5986129 | M6: =LOG10((((3*150*150)*B6)/F6)-((3*150*150))) -> 4.765656 | N6: =LOG10((((3*150*150)*B6)/G6)-((3*150*150))) -> 5.1247971 | O6: =LOG10((((3*150*150)*B6)/H6)-((3*150*150))) -> 5.4194941 | P6: =10^(INTERCEPT(J6:O6,$J$1:$O$1)) -> 0.7752686 | Q6: =LINEST(J6:O6,$J$1:$O$1) -> 1.777659 | R6: =ROUND(10^((SUM(J6:N6)-2*SUM($J$1:$N$1))/5),3) -> 0.196 | S6: =ROUND(-1.5*((150^2)/(R6*I6))/1000,0) -> -863 | T6: =-4*S6 -> 3452 | U6: =ROUND(150/(R6^0.5),0) -> 339 | V6: =ROUND(150*I6*ATAN((1800*SQRT(3*R6))/(3*150))*SQRT(3/(R6)),0) -> 147 | W6: =ROUND(1/SQRT(R6),3) -> 2.259 | Y6: =ROUND(B6-D6,3) -> 44.6 | Z6: =ROUND(D6-F6,3) -> 47.9 | AA6: =ROUND(F6-G6,3) -> 40 | AC6: =((B6)*3*150^2)/(R6*$AC$3^2+3*150^2) -> 199.6 | AD6: =((B6)*3*150^2)/(R6*$AD$3^2+3*150^2) -> 178.82931 | AE6: =((B6)*3*150^2)/(R6*$AE$3^2+3*150^2) -> 158.24524 | AF6: =((B6)*3*150^2)/(R6*$AF$3^2+3*150^2) -> 125.6927 | AG6: =((B6)*3*150^2)/(R6*$AG$3^2+3*150^2) -> 97.588005 | AH6: =((B6)*3*150^2)/(R6*$AH$3^2+3*150^2) -> 59.546539 | AI6: =((B6)*3*150^2)/(R6*$AI$3^2+3*150^2) -> 38.522903 | AJ6: =ROUND((-0.07/(2*S6))*1000000,0) -> 41
A7: 383 | B7: 197.5 | C7: 171.5 | D7: 153.7 | E7: 125 | F7: 106.7 | G7: 67 | H7: 40.8 | I7: =B7/1000 -> 0.1975 | J7: =LOG10((((3*150*150)*B7)/C7)-((3*150*150))) -> 4.010013 | K7: =LOG10((((3*150*150)*B7)/D7)-((3*150*150))) -> 4.284104 | L7: =LOG10((((3*150*150)*B7)/E7)-((3*150*150))) -> 4.5927318 | M7: =LOG10((((3*150*150)*B7)/F7)-((3*150*150))) -> 4.7592252 | N7: =LOG10((((3*150*150)*B7)/G7)-((3*150*150))) -> 5.1188395 | O7: =LOG10((((3*150*150)*B7)/H7)-((3*150*150))) -> 5.4137126 | P7: =10^(INTERCEPT(J7:O7,$J$1:$O$1)) -> 0.7778054 | Q7: =LINEST(J7:O7,$J$1:$O$1) -> 1.7751345 | R7: =ROUND(10^((SUM(J7:N7)-2*SUM($J$1:$N$1))/5),3) -> 0.194 | S7: =ROUND(-1.5*((150^2)/(R7*I7))/1000,0) -> -881 | T7: =-4*S7 -> 3524 | U7: =ROUND(150/(R7^0.5),0) -> 341 | V7: =ROUND(150*I7*ATAN((1800*SQRT(3*R7))/(3*150))*SQRT(3/(R7)),0) -> 146 | W7: =ROUND(1/SQRT(R7),3) -> 2.27 | Y7: =ROUND(B7-D7,3) -> 43.8 | Z7: =ROUND(D7-F7,3) -> 47 | AA7: =ROUND(F7-G7,3) -> 39.7 | AC7: =((B7)*3*150^2)/(R7*$AC$3^2+3*150^2) -> 197.5 | AD7: =((B7)*3*150^2)/(R7*$AD$3^2+3*150^2) -> 177.13593 | AE7: =((B7)*3*150^2)/(R7*$AE$3^2+3*150^2) -> 156.91208 | AF7: =((B7)*3*150^2)/(R7*$AF$3^2+3*150^2) -> 124.84197 | AG7: =((B7)*3*150^2)/(R7*$AG$3^2+3*150^2) -> 97.067497 | AH7: =((B7)*3*150^2)/(R7*$AH$3^2+3*150^2) -> 59.344952 | AI7: =((B7)*3*150^2)/(R7*$AI$3^2+3*150^2) -> 38.434094 | AJ7: =ROUND((-0.07/(2*S7))*1000000,0) -> 40
A8: 724 | B8: 363 | C8: 319.2 | D8: 287 | E8: 240.5 | F8: 200.4 | G8: 134.5 | H8: 87.7 | I8: =B8/1000 -> 0.363 | J8: =LOG10((((3*150*150)*B8)/C8)-((3*150*150))) -> 3.966715 | K8: =LOG10((((3*150*150)*B8)/D8)-((3*150*150))) -> 4.2522355 | L8: =LOG10((((3*150*150)*B8)/E8)-((3*150*150))) -> 4.5363248 | M8: =LOG10((((3*150*150)*B8)/F8)-((3*150*150))) -> 4.7385266 | N8: =LOG10((((3*150*150)*B8)/G8)-((3*150*150))) -> 5.0594677 | O8: =LOG10((((3*150*150)*B8)/H8)-((3*150*150))) -> 5.3261104 | P8: =10^(INTERCEPT(J8:O8,$J$1:$O$1)) -> 0.94021169 | Q8: =LINEST(J8:O8,$J$1:$O$1) -> 1.7262902 | R8: =ROUND(10^((SUM(J8:N8)-2*SUM($J$1:$N$1))/5),3) -> 0.176 | S8: =ROUND(-1.5*((150^2)/(R8*I8))/1000,0) -> -528 | T8: =-4*S8 -> 2112 | U8: =ROUND(150/(R8^0.5),0) -> 358 | V8: =ROUND(150*I8*ATAN((1800*SQRT(3*R8))/(3*150))*SQRT(3/(R8)),0) -> 279 | W8: =ROUND(1/SQRT(R8),3) -> 2.384 | Y8: =ROUND(B8-D8,3) -> 76 | Z8: =ROUND(D8-F8,3) -> 86.6 | AA8: =ROUND(F8-G8,3) -> 65.9 | AC8: =((B8)*3*150^2)/(R8*$AC$3^2+3*150^2) -> 363 | AD8: =((B8)*3*150^2)/(R8*$AD$3^2+3*150^2) -> 328.71613 | AE8: =((B8)*3*150^2)/(R8*$AE$3^2+3*150^2) -> 294.00648 | AF8: =((B8)*3*150^2)/(R8*$AF$3^2+3*150^2) -> 237.56545 | AG8: =((B8)*3*150^2)/(R8*$AG$3^2+3*150^2) -> 187.24209 | AH8: =((B8)*3*150^2)/(R8*$AH$3^2+3*150^2) -> 116.64524 | AI8: =((B8)*3*150^2)/(R8*$AI$3^2+3*150^2) -> 76.346046 | AJ8: =ROUND((-0.07/(2*S8))*1000000,0) -> 66
A9: 715 | B9: 350.2 | C9: 308 | D9: 276.6 | E9: 231.3 | F9: 194 | G9: 129.7 | H9: 84.6 | I9: =B9/1000 -> 0.3502 | J9: =LOG10((((3*150*150)*B9)/C9)-((3*150*150))) -> 3.9660655 | K9: =LOG10((((3*150*150)*B9)/D9)-((3*150*150))) -> 4.2543294 | L9: =LOG10((((3*150*150)*B9)/E9)-((3*150*150))) -> 4.54031 | M9: =LOG10((((3*150*150)*B9)/F9)-((3*150*150))) -> 4.7351831 | N9: =LOG10((((3*150*150)*B9)/G9)-((3*150*150))) -> 5.0597724 | O9: =LOG10((((3*150*150)*B9)/H9)-((3*150*150))) -> 5.3261615 | P9: =10^(INTERCEPT(J9:O9,$J$1:$O$1)) -> 0.94907197 | Q9: =LINEST(J9:O9,$J$1:$O$1) -> 1.7249358 | R9: =ROUND(10^((SUM(J9:N9)-2*SUM($J$1:$N$1))/5),3) -> 0.176 | S9: =ROUND(-1.5*((150^2)/(R9*I9))/1000,0) -> -548 | T9: =-4*S9 -> 2192 | U9: =ROUND(150/(R9^0.5),0) -> 358 | V9: =ROUND(150*I9*ATAN((1800*SQRT(3*R9))/(3*150))*SQRT(3/(R9)),0) -> 269 | W9: =ROUND(1/SQRT(R9),3) -> 2.384 | Y9: =ROUND(B9-D9,3) -> 73.6 | Z9: =ROUND(D9-F9,3) -> 82.6 | AA9: =ROUND(F9-G9,3) -> 64.3 | AC9: =((B9)*3*150^2)/(R9*$AC$3^2+3*150^2) -> 350.2 | AD9: =((B9)*3*150^2)/(R9*$AD$3^2+3*150^2) -> 317.12503 | AE9: =((B9)*3*150^2)/(R9*$AE$3^2+3*150^2) -> 283.63931 | AF9: =((B9)*3*150^2)/(R9*$AF$3^2+3*150^2) -> 229.18848 | AG9: =((B9)*3*150^2)/(R9*$AG$3^2+3*150^2) -> 180.63961 | AH9: =((B9)*3*150^2)/(R9*$AH$3^2+3*150^2) -> 112.53213 | AI9: =((B9)*3*150^2)/(R9*$AI$3^2+3*150^2) -> 73.653954 | AJ9: =ROUND((-0.07/(2*S9))*1000000,0) -> 64
A10: 712 | B10: 347.3 | C10: 305.6 | D10: 274.6 | E10: 229.3 | F10: 193.1 | G10: 128.9 | H10: 84.6 | I10: =B10/1000 -> 0.3473 | J10: =LOG10((((3*150*150)*B10)/C10)-((3*150*150))) -> 3.9642865 | K10: =LOG10((((3*150*150)*B10)/D10)-((3*150*150))) -> 4.2521377 | L10: =LOG10((((3*150*150)*B10)/E10)-((3*150*150))) -> 4.5407817 | M10: =LOG10((((3*150*150)*B10)/F10)-((3*150*150))) -> 4.7316059 | N10: =LOG10((((3*150*150)*B10)/G10)-((3*150*150))) -> 5.0583035 | O10: =LOG10((((3*150*150)*B10)/H10)-((3*150*150))) -> 5.3213935 | P10: =10^(INTERCEPT(J10:O10,$J$1:$O$1)) -> 0.96084286 | Q10: =LINEST(J10:O10,$J$1:$O$1) -> 1.7221388 | R10: =ROUND(10^((SUM(J10:N10)-2*SUM($J$1:$N$1))/5),3) -> 0.175 | S10: =ROUND(-1.5*((150^2)/(R10*I10))/1000,0) -> -555 | T10: =-4*S10 -> 2220 | U10: =ROUND(150/(R10^0.5),0) -> 359 | V10: =ROUND(150*I10*ATAN((1800*SQRT(3*R10))/(3*150))*SQRT(3/(R10)),0) -> 267 | W10: =ROUND(1/SQRT(R10),3) -> 2.39 | Y10: =ROUND(B10-D10,3) -> 72.7 | Z10: =ROUND(D10-F10,3) -> 81.5 | AA10: =ROUND(F10-G10,3) -> 64.2 | AC10: =((B10)*3*150^2)/(R10*$AC$3^2+3*150^2) -> 347.3 | AD10: =((B10)*3*150^2)/(R10*$AD$3^2+3*150^2) -> 314.66779 | AE10: =((B10)*3*150^2)/(R10*$AE$3^2+3*150^2) -> 281.59459 | AF10: =((B10)*3*150^2)/(R10*$AF$3^2+3*150^2) -> 227.7377 | AG10: =((B10)*3*150^2)/(R10*$AG$3^2+3*150^2) -> 179.63793 | AH10: =((B10)*3*150^2)/(R10*$AH$3^2+3*150^2) -> 112.03226 | AI10: =((B10)*3*150^2)/(R10*$AI$3^2+3*150^2) -> 73.373239 | AJ10: =ROUND((-0.07/(2*S10))*1000000,0) -> 63
A11: 710 | B11: 345.8 | C11: 304.2 | D11: 273 | E11: 227.4 | F11: 192.9 | G11: 127.8 | H11: 83.9 | I11: =B11/1000 -> 0.3458 | J11: =LOG10((((3*150*150)*B11)/C11)-((3*150*150))) -> 3.9652379 | K11: =LOG10((((3*150*150)*B11)/D11)-((3*150*150))) -> 4.2552725 | L11: =LOG10((((3*150*150)*B11)/E11)-((3*150*150))) -> 4.545865 | M11: =LOG10((((3*150*150)*B11)/F11)-((3*150*150))) -> 4.728379 | N11: =LOG10((((3*150*150)*B11)/G11)-((3*150*150))) -> 5.0612294 | O11: =LOG10((((3*150*150)*B11)/H11)-((3*150*150))) -> 5.3236773 | P11: =10^(INTERCEPT(J11:O11,$J$1:$O$1)) -> 0.96550487 | Q11: =LINEST(J11:O11,$J$1:$O$1) -> 1.7220489 | R11: =ROUND(10^((SUM(J11:N11)-2*SUM($J$1:$N$1))/5),3) -> 0.176 | S11: =ROUND(-1.5*((150^2)/(R11*I11))/1000,0) -> -555 | T11: =-4*S11 -> 2220 | U11: =ROUND(150/(R11^0.5),0) -> 358 | V11: =ROUND(150*I11*ATAN((1800*SQRT(3*R11))/(3*150))*SQRT(3/(R11)),0) -> 265 | W11: =ROUND(1/SQRT(R11),3) -> 2.384 | Y11: =ROUND(B11-D11,3) -> 72.8 | Z11: =ROUND(D11-F11,3) -> 80.1 | AA11: =ROUND(F11-G11,3) -> 65.1 | AC11: =((B11)*3*150^2)/(R11*$AC$3^2+3*150^2) -> 345.8 | AD11: =((B11)*3*150^2)/(R11*$AD$3^2+3*150^2) -> 313.1406 | AE11: =((B11)*3*150^2)/(R11*$AE$3^2+3*150^2) -> 280.07559 | AF11: =((B11)*3*150^2)/(R11*$AF$3^2+3*150^2) -> 226.3089 | AG11: =((B11)*3*150^2)/(R11*$AG$3^2+3*150^2) -> 178.37001 | AH11: =((B11)*3*150^2)/(R11*$AH$3^2+3*150^2) -> 111.11825 | AI11: =((B11)*3*150^2)/(R11*$AI$3^2+3*150^2) -> 72.728547 | AJ11: =ROUND((-0.07/(2*S11))*1000000,0) -> 63
A12: 1372 | B12: 584 | C12: 515.7 | D12: 464.1 | E12: 390.3 | F12: 330.2 | G12: 223.2 | H12: 149.4 | I12: =B12/1000 -> 0.584 | J12: =LOG10((((3*150*150)*B12)/C12)-((3*150*150))) -> 3.9513273 | K12: =LOG10((((3*150*150)*B12)/D12)-((3*150*150))) -> 4.2415114 | L12: =LOG10((((3*150*150)*B12)/E12)-((3*150*150))) -> 4.5250348 | M12: =LOG10((((3*150*150)*B12)/F12)-((3*150*150))) -> 4.7150183 | N12: =LOG10((((3*150*150)*B12)/G12)-((3*150*150))) -> 5.0378761 | O12: =LOG10((((3*150*150)*B12)/H12)-((3*150*150))) -> 5.2930429 | P12: =10^(INTERCEPT(J12:O12,$J$1:$O$1)) -> 1.0411172 | Q12: =LINEST(J12:O12,$J$1:$O$1) -> 1.7028208 | R12: =ROUND(10^((SUM(J12:N12)-2*SUM($J$1:$N$1))/5),3) -> 0.169 | S12: =ROUND(-1.5*((150^2)/(R12*I12))/1000,0) -> -342 | T12: =-4*S12 -> 1368 | U12: =ROUND(150/(R12^0.5),0) -> 365 | V12: =ROUND(150*I12*ATAN((1800*SQRT(3*R12))/(3*150))*SQRT(3/(R12)),0) -> 455 | W12: =ROUND(1/SQRT(R12),3) -> 2.433 | Y12: =ROUND(B12-D12,3) -> 119.9 | Z12: =ROUND(D12-F12,3) -> 133.9 | AA12: =ROUND(F12-G12,3) -> 107 | AC12: =((B12)*3*150^2)/(R12*$AC$3^2+3*150^2) -> 584 | AD12: =((B12)*3*150^2)/(R12*$AD$3^2+3*150^2) -> 530.8376 | AE12: =((B12)*3*150^2)/(R12*$AE$3^2+3*150^2) -> 476.60501 | AF12: =((B12)*3*150^2)/(R12*$AF$3^2+3*150^2) -> 387.52488 | AG12: =((B12)*3*150^2)/(R12*$AG$3^2+3*150^2) -> 307.15288 | AH12: =((B12)*3*150^2)/(R12*$AH$3^2+3*150^2) -> 192.86658 | AI12: =((B12)*3*150^2)/(R12*$AI$3^2+3*150^2) -> 126.8095 | AJ12: =ROUND((-0.07/(2*S12))*1000000,0) -> 102
A13: 1407 | B13: 580.3 | C13: 512.7 | D13: 459.6 | E13: 387.3 | F13: 329.9 | G13: 223 | H13: 148.7 | I13: =B13/1000 -> 0.5803 | J13: =LOG10((((3*150*150)*B13)/C13)-((3*150*150))) -> 3.9493872 | K13: =LOG10((((3*150*150)*B13)/D13)-((3*150*150))) -> 4.248631 | L13: =LOG10((((3*150*150)*B13)/E13)-((3*150*150))) -> 4.5268136 | M13: =LOG10((((3*150*150)*B13)/F13)-((3*150*150))) -> 4.7095558 | N13: =LOG10((((3*150*150)*B13)/G13)-((3*150*150))) -> 5.0340319 | O13: =LOG10((((3*150*150)*B13)/H13)-((3*150*150))) -> 5.2920742 | P13: =10^(INTERCEPT(J13:O13,$J$1:$O$1)) -> 1.0808782 | Q13: =LINEST(J13:O13,$J$1:$O$1) -> 1.6966039 | R13: =ROUND(10^((SUM(J13:N13)-2*SUM($J$1:$N$1))/5),3) -> 0.169 | S13: =ROUND(-1.5*((150^2)/(R13*I13))/1000,0) -> -344 | T13: =-4*S13 -> 1376 | U13: =ROUND(150/(R13^0.5),0) -> 365 | V13: =ROUND(150*I13*ATAN((1800*SQRT(3*R13))/(3*150))*SQRT(3/(R13)),0) -> 452 | W13: =ROUND(1/SQRT(R13),3) -> 2.433 | Y13: =ROUND(B13-D13,3) -> 120.7 | Z13: =ROUND(D13-F13,3) -> 129.7 | AA13: =ROUND(F13-G13,3) -> 106.9 | AC13: =((B13)*3*150^2)/(R13*$AC$3^2+3*150^2) -> 580.3 | AD13: =((B13)*3*150^2)/(R13*$AD$3^2+3*150^2) -> 527.47441 | AE13: =((B13)*3*150^2)/(R13*$AE$3^2+3*150^2) -> 473.58542 | AF13: =((B13)*3*150^2)/(R13*$AF$3^2+3*150^2) -> 385.06967 | AG13: =((B13)*3*150^2)/(R13*$AG$3^2+3*150^2) -> 305.20687 | AH13: =((B13)*3*150^2)/(R13*$AH$3^2+3*150^2) -> 191.64465 | AI13: =((B13)*3*150^2)/(R13*$AI$3^2+3*150^2) -> 126.00608 | AJ13: =ROUND((-0.07/(2*S13))*1000000,0) -> 102
A14: 1404 | B14: 577.4 | C14: 509.5 | D14: 459 | E14: 385.3 | F14: 328 | G14: 221.7 | H14: 147.8 | I14: =B14/1000 -> 0.5774 | J14: =LOG10((((3*150*150)*B14)/C14)-((3*150*150))) -> 3.9540294 | K14: =LOG10((((3*150*150)*B14)/D14)-((3*150*150))) -> 4.2408428 | L14: =LOG10((((3*150*150)*B14)/E14)-((3*150*150))) -> 4.5270321 | M14: =LOG10((((3*150*150)*B14)/F14)-((3*150*150))) -> 4.7103264 | N14: =LOG10((((3*150*150)*B14)/G14)-((3*150*150))) -> 5.0346219 | O14: =LOG10((((3*150*150)*B14)/H14)-((3*150*150))) -> 5.2926936 | P14: =10^(INTERCEPT(J14:O14,$J$1:$O$1)) -> 1.0753444 | Q14: =LINEST(J14:O14,$J$1:$O$1) -> 1.697369 | R14: =ROUND(10^((SUM(J14:N14)-2*SUM($J$1:$N$1))/5),3) -> 0.169 | S14: =ROUND(-1.5*((150^2)/(R14*I14))/1000,0) -> -346 | T14: =-4*S14 -> 1384 | U14: =ROUND(150/(R14^0.5),0) -> 365 | V14: =ROUND(150*I14*ATAN((1800*SQRT(3*R14))/(3*150))*SQRT(3/(R14)),0) -> 450 | W14: =ROUND(1/SQRT(R14),3) -> 2.433 | Y14: =ROUND(B14-D14,3) -> 118.4 | Z14: =ROUND(D14-F14,3) -> 131 | AA14: =ROUND(F14-G14,3) -> 106.3 | AC14: =((B14)*3*150^2)/(R14*$AC$3^2+3*150^2) -> 577.4 | AD14: =((B14)*3*150^2)/(R14*$AD$3^2+3*150^2) -> 524.83841 | AE14: =((B14)*3*150^2)/(R14*$AE$3^2+3*150^2) -> 471.21872 | AF14: =((B14)*3*150^2)/(R14*$AF$3^2+3*150^2) -> 383.14532 | AG14: =((B14)*3*150^2)/(R14*$AG$3^2+3*150^2) -> 303.68163 | AH14: =((B14)*3*150^2)/(R14*$AH$3^2+3*150^2) -> 190.68692 | AI14: =((B14)*3*150^2)/(R14*$AI$3^2+3*150^2) -> 125.37638 | AJ14: =ROUND((-0.07/(2*S14))*1000000,0) -> 101
A15: 1396 | B15: 578.3 | C15: 510.5 | D15: 460.9 | E15: 386.9 | F15: 328.4 | G15: 223.2 | H15: 149 | I15: =B15/1000 -> 0.5783 | J15: =LOG10((((3*150*150)*B15)/C15)-((3*150*150))) -> 3.9525377 | K15: =LOG10((((3*150*150)*B15)/D15)-((3*150*150))) -> 4.2353652 | L15: =LOG10((((3*150*150)*B15)/E15)-((3*150*150))) -> 4.523647 | M15: =LOG10((((3*150*150)*B15)/F15)-((3*150*150))) -> 4.7106669 | N15: =LOG10((((3*150*150)*B15)/G15)-((3*150*150))) -> 5.0309603 | O15: =LOG10((((3*150*150)*B15)/H15)-((3*150*150))) -> 5.2888784 | P15: =10^(INTERCEPT(J15:O15,$J$1:$O$1)) -> 1.0720952 | Q15: =LINEST(J15:O15,$J$1:$O$1) -> 1.6967776 | R15: =ROUND(10^((SUM(J15:N15)-2*SUM($J$1:$N$1))/5),3) -> 0.168 | S15: =ROUND(-1.5*((150^2)/(R15*I15))/1000,0) -> -347 | T15: =-4*S15 -> 1388 | U15: =ROUND(150/(R15^0.5),0) -> 366 | V15: =ROUND(150*I15*ATAN((1800*SQRT(3*R15))/(3*150))*SQRT(3/(R15)),0) -> 452 | W15: =ROUND(1/SQRT(R15),3) -> 2.44 | Y15: =ROUND(B15-D15,3) -> 117.4 | Z15: =ROUND(D15-F15,3) -> 132.5 | AA15: =ROUND(F15-G15,3) -> 105.2 | AC15: =((B15)*3*150^2)/(R15*$AC$3^2+3*150^2) -> 578.3 | AD15: =((B15)*3*150^2)/(R15*$AD$3^2+3*150^2) -> 525.93977 | AE15: =((B15)*3*150^2)/(R15*$AE$3^2+3*150^2) -> 472.46732 | AF15: =((B15)*3*150^2)/(R15*$AF$3^2+3*150^2) -> 384.50798 | AG15: =((B15)*3*150^2)/(R15*$AG$3^2+3*150^2) -> 305.01055 | AH15: =((B15)*3*150^2)/(R15*$AH$3^2+3*150^2) -> 191.74403 | AI15: =((B15)*3*150^2)/(R15*$AI$3^2+3*150^2) -> 126.1562 | AJ15: =ROUND((-0.07/(2*S15))*1000000,0) -> 101
A16: =AVERAGE(A4:A7) -> 381 | B16: =AVERAGE(B4:B7) -> 203.125 | C16: =AVERAGE(C4:C7) -> 176.55 | D16: =AVERAGE(D4:D7) -> 158.3 | E16: =AVERAGE(E4:E7) -> 128.6 | F16: =AVERAGE(F4:F7) -> 109.4 | G16: =AVERAGE(G4:G7) -> 68.725 | H16: =AVERAGE(H4:H7) -> 42.1 | ... W16: =AVERAGE(W4:W7) -> 2.272 | Y16: =AVERAGE(Y4:Y7) -> 44.825 | Z16: =AVERAGE(Z4:Z7) -> 48.9 | AA16: =AVERAGE(AA4:AA7) -> 40.675 | AC16: =AVERAGE(AC4:AC7) -> 203.125 | AD16: =AVERAGE(AD4:AD7) -> 182.21154 | AE16: =AVERAGE(AE4:AE7) -> 161.43561 | AF16: =AVERAGE(AF4:AF7) -> 128.47636 | AG16: =AVERAGE(AG4:AG7) -> 99.917771 | AH16: =AVERAGE(AH4:AH7) -> 61.108425 | AI16: =AVERAGE(AI4:AI7) -> 39.583868
A17: =AVERAGE(A8:A11) -> 715.25 | B17: =AVERAGE(B8:B11) -> 351.575 | C17: =AVERAGE(C8:C11) -> 309.25 | D17: =AVERAGE(D8:D11) -> 277.8 | E17: =AVERAGE(E8:E11) -> 232.125 | F17: =AVERAGE(F8:F11) -> 195.1 | G17: =AVERAGE(G8:G11) -> 130.225 | H17: =AVERAGE(H8:H11) -> 85.2 | ... W17: =AVERAGE(W8:W11) -> 2.3855 | Y17: =AVERAGE(Y8:Y11) -> 73.775 | Z17: =AVERAGE(Z8:Z11) -> 82.7 | AA17: =AVERAGE(AA8:AA11) -> 64.875 | AB17: =AC17/AC16 -> 1.7308308 | AC17: =AVERAGE(AC8:AC11) -> 351.575 | AD17: =AVERAGE(AD8:AD11) -> 318.41238 | AE17: =AVERAGE(AE8:AE11) -> 284.82899 | AF17: =AVERAGE(AF8:AF11) -> 230.20013 | AG17: =AVERAGE(AG8:AG11) -> 181.47241 | AH17: =AVERAGE(AH8:AH11) -> 113.08197 | AI17: =AVERAGE(AI8:AI11) -> 74.025447 | AJ17: =AI17/AI16 -> 1.8700913
A18: =AVERAGE(A12:A15) -> 1394.75 | B18: =AVERAGE(B12:B15) -> 580 | C18: =AVERAGE(C12:C15) -> 512.1 | D18: =AVERAGE(D12:D15) -> 460.9 | E18: =AVERAGE(E12:E15) -> 387.45 | F18: =AVERAGE(F12:F15) -> 329.125 | G18: =AVERAGE(G12:G15) -> 222.775 | H18: =AVERAGE(H12:H15) -> 148.725 | ... W18: =AVERAGE(W12:W15) -> 2.43475 | Y18: =AVERAGE(Y12:Y15) -> 119.1 | Z18: =AVERAGE(Z12:Z15) -> 131.775 | AA18: =AVERAGE(AA12:AA15) -> 106.35 | AB18: =AC18/AC16 -> 2.8553846 | AC18: =AVERAGE(AC12:AC15) -> 580 | AD18: =AVERAGE(AD12:AD15) -> 527.27255 | AE18: =AVERAGE(AE12:AE15) -> 473.46912 | AF18: =AVERAGE(AF12:AF15) -> 385.06196 | AG18: =AVERAGE(AG12:AG15) -> 305.26298 | AH18: =AVERAGE(AH12:AH15) -> 191.73555 | AI18: =AVERAGE(AI12:AI15) -> 126.08704 | AJ18: =AI18/AI16 -> 3.1853137
A20: 378 | B20: 393.5 | C20: 359.4 | D20: 312.2 | E20: 241.5 | F20: 182.5 | G20: 96.9 | H20: 53.9 | I20: =B20/1000 -> 0.3935 | J20: =LOG10((((3*150*150)*B20)/C20)-((3*150*150))) -> 3.8064801 | K20: =LOG10((((3*150*150)*B20)/D20)-((3*150*150))) -> 4.2449614 | L20: =LOG10((((3*150*150)*B20)/E20)-((3*150*150))) -> 4.6282302 | M20: =LOG10((((3*150*150)*B20)/F20)-((3*150*150))) -> 4.8923234 | N20: =LOG10((((3*150*150)*B20)/G20)-((3*150*150))) -> 5.3151511 | O20: =LOG10((((3*150*150)*B20)/H20)-((3*150*150))) -> 5.6286827 | P20: =10^(INTERCEPT(J20:O20,$J$1:$O$1)) -> 0.031455147 | Q20: =LINEST(J20:O20,$J$1:$O$1) -> 2.3105227 | R20: =ROUND(10^((SUM(J20:N20)-2*SUM($J$1:$N$1))/5),3) -> 0.205 | S20: =ROUND(-1.5*((150^2)/(R20*I20))/1000,0) -> -418 | T20: =-4*S20 -> 1672 | U20: =ROUND(150/(R20^0.5),0) -> 331 | V20: =ROUND(150*I20*ATAN((1800*SQRT(3*R20))/(3*150))*SQRT(3/(R20)),0) -> 285 | W20: =ROUND(1/SQRT(R20),3) -> 2.209 | Y20: =ROUND(B20-D20,3) -> 81.3 | Z20: =ROUND(D20-F20,3) -> 129.7 | AA20: =ROUND(F20-G20,3) -> 85.6 | AC20: =((B20)*3*150^2)/(R20*$AC$3^2+3*150^2) -> 393.5 | AD20: =((B20)*3*150^2)/(R20*$AD$3^2+3*150^2) -> 350.87517 | AE20: =((B20)*3*150^2)/(R20*$AE$3^2+3*150^2) -> 309.03141 | AF20: =((B20)*3*150^2)/(R20*$AF$3^2+3*150^2) -> 243.65325 | AG20: =((B20)*3*150^2)/(R20*$AG$3^2+3*150^2) -> 187.97771 | AH20: =((B20)*3*150^2)/(R20*$AH$3^2+3*150^2) -> 113.72832 | AI20: =((B20)*3*150^2)/(R20*$AI$3^2+3*150^2) -> 73.23201
A21: 380 | B21: 370.2 | C21: 335.5 | D21: 290.3 | E21: 224.5 | F21: 171 | G21: 93.8 | H21: 55 | I21: =B21/1000 -> 0.3702 | J21: =LOG10((((3*150*150)*B21)/C21)-((3*150*150))) -> 3.8439407 | K21: =LOG10((((3*150*150)*B21)/D21)-((3*150*150))) -> 4.2690035 | L21: =LOG10((((3*150*150)*B21)/E21)-((3*150*150))) -> 4.641547 | M21: =LOG10((((3*150*150)*B21)/F21)-((3*150*150))) -> 4.895597 | N21: =LOG10((((3*150*150)*B21)/G21)-((3*150*150))) -> 5.298639 | O21: =LOG10((((3*150*150)*B21)/H21)-((3*150*150))) -> 5.5875273 | P21: =10^(INTERCEPT(J21:O21,$J$1:$O$1)) -> 0.057502287 | Q21: =LINEST(J21:O21,$J$1:$O$1) -> 2.2150021 | R21: =ROUND(10^((SUM(J21:N21)-2*SUM($J$1:$N$1))/5),3) -> 0.211 | S21: =ROUND(-1.5*((150^2)/(R21*I21))/1000,0) -> -432 | T21: =-4*S21 -> 1728 | U21: =ROUND(150/(R21^0.5),0) -> 327 | V21: =ROUND(150*I21*ATAN((1800*SQRT(3*R21))/(3*150))*SQRT(3/(R21)),0) -> 265 | W21: =ROUND(1/SQRT(R21),3) -> 2.177 | Y21: =ROUND(B21-D21,3) -> 79.9 | Z21: =ROUND(D21-F21,3) -> 119.3 | AA21: =ROUND(F21-G21,3) -> 77.2 | AC21: =((B21)*3*150^2)/(R21*$AC$3^2+3*150^2) -> 370.2 | AD21: =((B21)*3*150^2)/(R21*$AD$3^2+3*150^2) -> 329.05583 | AE21: =((B21)*3*150^2)/(R21*$AE$3^2+3*150^2) -> 288.91779 | AF21: =((B21)*3*150^2)/(R21*$AF$3^2+3*150^2) -> 226.69933 | AG21: =((B21)*3*150^2)/(R21*$AG$3^2+3*150^2) -> 174.18444 | AH21: =((B21)*3*150^2)/(R21*$AH$3^2+3*150^2) -> 104.81314 | AI21: =((B21)*3*150^2)/(R21*$AI$3^2+3*150^2) -> 67.292778
A22: 383 | B22: 365 | C22: 332.2 | D22: 287 | E22: 223 | F22: 170.3 | G22: 94.7 | H22: 55.8 | I22: =B22/1000 -> 0.365 | J22: =LOG10((((3*150*150)*B22)/C22)-((3*150*150))) -> 3.823778 | K22: =LOG10((((3*150*150)*B22)/D22)-((3*150*150))) -> 4.2635165 | L22: =LOG10((((3*150*150)*B22)/E22)-((3*150*150))) -> 4.6332873 | M22: =LOG10((((3*150*150)*B22)/F22)-((3*150*150))) -> 4.8874551 | N22: =LOG10((((3*150*150)*B22)/G22)-((3*150*150))) -> 5.2847998 | O22: =LOG10((((3*150*150)*B22)/H22)-((3*150*150))) -> 5.5729091 | P22: =10^(INTERCEPT(J22:O22,$J$1:$O$1)) -> 0.055590654 | Q22: =LINEST(J22:O22,$J$1:$O$1) -> 2.2160851 | R22: =ROUND(10^((SUM(J22:N22)-2*SUM($J$1:$N$1))/5),3) -> 0.206 | S22: =ROUND(-1.5*((150^2)/(R22*I22))/1000,0) -> -449 | T22: =-4*S22 -> 1796 | U22: =ROUND(150/(R22^0.5),0) -> 330 | V22: =ROUND(150*I22*ATAN((1800*SQRT(3*R22))/(3*150))*SQRT(3/(R22)),0) -> 264 | W22: =ROUND(1/SQRT(R22),3) -> 2.203 | Y22: =ROUND(B22-D22,3) -> 78 | Z22: =ROUND(D22-F22,3) -> 116.7 | AA22: =ROUND(F22-G22,3) -> 75.6 | AC22: =((B22)*3*150^2)/(R22*$AC$3^2+3*150^2) -> 365 | AD22: =((B22)*3*150^2)/(R22*$AD$3^2+3*150^2) -> 325.29047 | AE22: =((B22)*3*150^2)/(R22*$AE$3^2+3*150^2) -> 286.34937 | AF22: =((B22)*3*150^2)/(R22*$AF$3^2+3*150^2) -> 225.58714 | AG22: =((B22)*3*150^2)/(R22*$AG$3^2+3*150^2) -> 173.91995 | AH22: =((B22)*3*150^2)/(R22*$AH$3^2+3*150^2) -> 105.12673 | AI22: =((B22)*3*150^2)/(R22*$AI$3^2+3*150^2) -> 67.659417
A23: 383 | B23: 363 | C23: 329.9 | D23: 285 | E23: 221.7 | F23: 169.7 | G23: 94.8 | H23: 56 | I23: =B23/1000 -> 0.363 | J23: =LOG10((((3*150*150)*B23)/C23)-((3*150*150))) -> 3.8307495 | K23: =LOG10((((3*150*150)*B23)/D23)-((3*150*150))) -> 4.2665535 | L23: =LOG10((((3*150*150)*B23)/E23)-((3*150*150))) -> 4.6336802 | M23: =LOG10((((3*150*150)*B23)/F23)-((3*150*150))) -> 4.8858538 | N23: =LOG10((((3*150*150)*B23)/G23)-((3*150*150))) -> 5.2809542 | O23: =LOG10((((3*150*150)*B23)/H23)-((3*150*150))) -> 5.5682541 | P23: =10^(INTERCEPT(J23:O23,$J$1:$O$1)) -> 0.061017518 | Q23: =LINEST(J23:O23,$J$1:$O$1) -> 2.2011607 | R23: =ROUND(10^((SUM(J23:N23)-2*SUM($J$1:$N$1))/5),3) -> 0.206 | S23: =ROUND(-1.5*((150^2)/(R23*I23))/1000,0) -> -451 | T23: =-4*S23 -> 1804 | U23: =ROUND(150/(R23^0.5),0) -> 330 | V23: =ROUND(150*I23*ATAN((1800*SQRT(3*R23))/(3*150))*SQRT(3/(R23)),0) -> 262 | W23: =ROUND(1/SQRT(R23),3) -> 2.203 | Y23: =ROUND(B23-D23,3) -> 78 | Z23: =ROUND(D23-F23,3) -> 115.3 | AA23: =ROUND(F23-G23,3) -> 74.9 | AC23: =((B23)*3*150^2)/(R23*$AC$3^2+3*150^2) -> 363 | AD23: =((B23)*3*150^2)/(R23*$AD$3^2+3*150^2) -> 323.50805 | AE23: =((B23)*3*150^2)/(R23*$AE$3^2+3*150^2) -> 284.78033 | AF23: =((B23)*3*150^2)/(R23*$AF$3^2+3*150^2) -> 224.35105 | AG23: =((B23)*3*150^2)/(R23*$AG$3^2+3*150^2) -> 172.96696 | AH23: =((B23)*3*150^2)/(R23*$AH$3^2+3*150^2) -> 104.55069 | AI23: =((B23)*3*150^2)/(R23*$AI$3^2+3*150^2) -> 67.28868
A24: 724 | B24: 640.8 | C24: 587.1 | D24: 510.9 | E24: 402.6 | F24: 311.5 | G24: 178.2 | H24: 105 | I24: =B24/1000 -> 0.6408 | J24: =LOG10((((3*150*150)*B24)/C24)-((3*150*150))) -> 3.790566 | K24: =LOG10((((3*150*150)*B24)/D24)-((3*150*150))) -> 4.234577 | L24: =LOG10((((3*150*150)*B24)/E24)-((3*150*150))) -> 4.6013718 | M24: =LOG10((((3*150*150)*B24)/F24)-((3*150*150))) -> 4.8534375 | N24: =LOG10((((3*150*150)*B24)/G24)-((3*150*150))) -> 5.2436017 | O24: =LOG10((((3*150*150)*B24)/H24)-((3*150*150))) -> 5.5371172 | P24: =10^(INTERCEPT(J24:O24,$J$1:$O$1)) -> 0.054520528 | Q24: =LINEST(J24:O24,$J$1:$O$1) -> 2.206578 | R24: =ROUND(10^((SUM(J24:N24)-2*SUM($J$1:$N$1))/5),3) -> 0.19 | S24: =ROUND(-1.5*((150^2)/(R24*I24))/1000,0) -> -277 | T24: =-4*S24 -> 1108 | U24: =ROUND(150/(R24^0.5),0) -> 344 | V24: =ROUND(150*I24*ATAN((1800*SQRT(3*R24))/(3*150))*SQRT(3/(R24)),0) -> 478 | W24: =ROUND(1/SQRT(R24),3) -> 2.294 | Y24: =ROUND(B24-D24,3) -> 129.9 | Z24: =ROUND(D24-F24,3) -> 199.4 | AA24: =ROUND(F24-G24,3) -> 133.3 | AC24: =((B24)*3*150^2)/(R24*$AC$3^2+3*150^2) -> 640.8 | AD24: =((B24)*3*150^2)/(R24*$AD$3^2+3*150^2) -> 575.95206 | AE24: =((B24)*3*150^2)/(R24*$AE$3^2+3*150^2) -> 511.2766 | AF24: =((B24)*3*150^2)/(R24*$AF$3^2+3*150^2) -> 408.15287 | AG24: =((B24)*3*150^2)/(R24*$AG$3^2+3*150^2) -> 318.27815 | AH24: =((B24)*3*150^2)/(R24*$AH$3^2+3*150^2) -> 195.36585 | AI24: =((B24)*3*150^2)/(R24*$AI$3^2+3*150^2) -> 126.80739
A25: 715 | B25: 618.5 | C25: 565 | D25: 493.5 | E25: 389.9 | F25: 302.5 | G25: 175 | H25: 104.2 | I25: =B25/1000 -> 0.6185 | J25: =LOG10((((3*150*150)*B25)/C25)-((3*150*150))) -> 3.8056091 | K25: =LOG10((((3*150*150)*B25)/D25)-((3*150*150))) -> 4.2329266 | L25: =LOG10((((3*150*150)*B25)/E25)-((3*150*150))) -> 4.5974268 | M25: =LOG10((((3*150*150)*B25)/F25)-((3*150*150))) -> 4.8482655 | N25: =LOG10((((3*150*150)*B25)/G25)-((3*150*150))) -> 5.2331593 | O25: =LOG10((((3*150*150)*B25)/H25)-((3*150*150))) -> 5.5226526 | P25: =10^(INTERCEPT(J25:O25,$J$1:$O$1)) -> 0.066261386 | Q25: =LINEST(J25:O25,$J$1:$O$1) -> 2.1740202 | R25: =ROUND(10^((SUM(J25:N25)-2*SUM($J$1:$N$1))/5),3) -> 0.19 | S25: =ROUND(-1.5*((150^2)/(R25*I25))/1000,0) -> -287 | T25: =-4*S25 -> 1148 | U25: =ROUND(150/(R25^0.5),0) -> 344 | V25: =ROUND(150*I25*ATAN((1800*SQRT(3*R25))/(3*150))*SQRT(3/(R25)),0) -> 461 | W25: =ROUND(1/SQRT(R25),3) -> 2.294 | Y25: =ROUND(B25-D25,3) -> 125 | Z25: =ROUND(D25-F25,3) -> 191 | AA25: =ROUND(F25-G25,3) -> 127.5 | AC25: =((B25)*3*150^2)/(R25*$AC$3^2+3*150^2) -> 618.5 | AD25: =((B25)*3*150^2)/(R25*$AD$3^2+3*150^2) -> 555.90879 | AE25: =((B25)*3*150^2)/(R25*$AE$3^2+3*150^2) -> 493.48404 | AF25: =((B25)*3*150^2)/(R25*$AF$3^2+3*150^2) -> 393.94904 | AG25: =((B25)*3*150^2)/(R25*$AG$3^2+3*150^2) -> 307.20199 | AH25: =((B25)*3*150^2)/(R25*$AH$3^2+3*150^2) -> 188.56707 | AI25: =((B25)*3*150^2)/(R25*$AI$3^2+3*150^2) -> 122.39446
A26: 712 | B26: 611.2 | C26: 555.6 | D26: 486.1 | E26: 385.4 | F26: 299 | G26: 173.8 | H26: 103.9 | I26: =B26/1000 -> 0.6112 | J26: =LOG10((((3*150*150)*B26)/C26)-((3*150*150))) -> 3.8296163 | K26: =LOG10((((3*150*150)*B26)/D26)-((3*150*150))) -> 4.2398355 | L26: =LOG10((((3*150*150)*B26)/E26)-((3*150*150))) -> 4.597116 | M26: =LOG10((((3*150*150)*B26)/F26)-((3*150*150))) -> 4.8480655 | N26: =LOG10((((3*150*150)*B26)/G26)-((3*150*150))) -> 5.2301328 | O26: =LOG10((((3*150*150)*B26)/H26)-((3*150*150))) -> 5.5179531 | P26: =10^(INTERCEPT(J26:O26,$J$1:$O$1)) -> 0.081865096 | Q26: =LINEST(J26:O26,$J$1:$O$1) -> 2.1414922 | R26: =ROUND(10^((SUM(J26:N26)-2*SUM($J$1:$N$1))/5),3) -> 0.192 | S26: =ROUND(-1.5*((150^2)/(R26*I26))/1000,0) -> -288 | T26: =-4*S26 -> 1152 | U26: =ROUND(150/(R26^0.5),0) -> 342 | V26: =ROUND(150*I26*ATAN((1800*SQRT(3*R26))/(3*150))*SQRT(3/(R26)),0) -> 454 | W26: =ROUND(1/SQRT(R26),3) -> 2.282 | Y26: =ROUND(B26-D26,3) -> 125.1 | Z26: =ROUND(D26-F26,3) -> 187.1 | AA26: =ROUND(F26-G26,3) -> 125.2 | AC26: =((B26)*3*150^2)/(R26*$AC$3^2+3*150^2) -> 611.2 | AD26: =((B26)*3*150^2)/(R26*$AD$3^2+3*150^2) -> 548.76297 | AE26: =((B26)*3*150^2)/(R26*$AE$3^2+3*150^2) -> 486.6242 | AF26: =((B26)*3*150^2)/(R26*$AF$3^2+3*150^2) -> 387.81726 | AG26: =((B26)*3*150^2)/(R26*$AG$3^2+3*150^2) -> 301.97628 | AH26: =((B26)*3*150^2)/(R26*$AH$3^2+3*150^2) -> 184.98789 | AI26: =((B26)*3*150^2)/(R26*$AI$3^2+3*150^2) -> 119.93721
A27: 710 | B27: 607.2 | C27: 550.4 | D27: 481.8 | E27: 383.1 | F27: 297.1 | G27: 172.9 | H27: 103.5 | I27: =B27/1000 -> 0.6072 | J27: =LOG10((((3*150*150)*B27)/C27)-((3*150*150))) -> 3.8429737 | K27: =LOG10((((3*150*150)*B27)/D27)-((3*150*150))) -> 4.2447345 | L27: =LOG10((((3*150*150)*B27)/E27)-((3*150*150))) -> 4.5964335 | M27: =LOG10((((3*150*150)*B27)/F27)-((3*150*150))) -> 4.8479029 | N27: =LOG10((((3*150*150)*B27)/G27)-((3*150*150))) -> 5.2292986 | O27: =LOG10((((3*150*150)*B27)/H27)-((3*150*150))) -> 5.5165354 | P27: =10^(INTERCEPT(J27:O27,$J$1:$O$1)) -> 0.091588664 | Q27: =LINEST(J27:O27,$J$1:$O$1) -> 2.1244203 | R27: =ROUND(10^((SUM(J27:N27)-2*SUM($J$1:$N$1))/5),3) -> 0.194 | S27: =ROUND(-1.5*((150^2)/(R27*I27))/1000,0) -> -287 | T27: =-4*S27 -> 1148 | U27: =ROUND(150/(R27^0.5),0) -> 341 | V27: =ROUND(150*I27*ATAN((1800*SQRT(3*R27))/(3*150))*SQRT(3/(R27)),0) -> 449 | W27: =ROUND(1/SQRT(R27),3) -> 2.27 | Y27: =ROUND(B27-D27,3) -> 125.4 | Z27: =ROUND(D27-F27,3) -> 184.7 | AA27: =ROUND(F27-G27,3) -> 124.2 | AC27: =((B27)*3*150^2)/(R27*$AC$3^2+3*150^2) -> 607.2 | AD27: =((B27)*3*150^2)/(R27*$AD$3^2+3*150^2) -> 544.59208 | AE27: =((B27)*3*150^2)/(R27*$AE$3^2+3*150^2) -> 482.41525 | AF27: =((B27)*3*150^2)/(R27*$AF$3^2+3*150^2) -> 383.81795 | AG27: =((B27)*3*150^2)/(R27*$AG$3^2+3*150^2) -> 298.42726 | AH27: =((B27)*3*150^2)/(R27*$AH$3^2+3*150^2) -> 182.45192 | AI27: =((B27)*3*150^2)/(R27*$AI$3^2+3*150^2) -> 118.16295
A28: 1372 | B28: 1012 | C28: 951.3 | D28: 816.3 | E28: 660 | F28: 517.6 | G28: 309.1 | H28: 188.9 | I28: =B28/1000 -> 1.012 | J28: =LOG10((((3*150*150)*B28)/C28)-((3*150*150))) -> 3.634175 | K28: =LOG10((((3*150*150)*B28)/D28)-((3*150*150))) -> 4.2090448 | L28: =LOG10((((3*150*150)*B28)/E28)-((3*150*150))) -> 4.5563025 | M28: =LOG10((((3*150*150)*B28)/F28)-((3*150*150))) -> 4.809388 | N28: =LOG10((((3*150*150)*B28)/G28)-((3*150*150))) -> 5.1860983 | O28: =LOG10((((3*150*150)*B28)/H28)-((3*150*150))) -> 5.4685244 | P28: =10^(INTERCEPT(J28:O28,$J$1:$O$1)) -> 0.030618249 | Q28: =LINEST(J28:O28,$J$1:$O$1) -> 2.27469 | R28: =ROUND(10^((SUM(J28:N28)-2*SUM($J$1:$N$1))/5),3) -> 0.163 | S28: =ROUND(-1.5*((150^2)/(R28*I28))/1000,0) -> -205 | T28: =-4*S28 -> 820 | U28: =ROUND(150/(R28^0.5),0) -> 372 | V28: =ROUND(150*I28*ATAN((1800*SQRT(3*R28))/(3*150))*SQRT(3/(R28)),0) -> 799 | W28: =ROUND(1/SQRT(R28),3) -> 2.477 | Y28: =ROUND(B28-D28,3) -> 195.7 | Z28: =ROUND(D28-F28,3) -> 298.7 | AA28: =ROUND(F28-G28,3) -> 208.5 | AC28: =((B28)*3*150^2)/(R28*$AC$3^2+3*150^2) -> 1012 | AD28: =((B28)*3*150^2)/(R28*$AD$3^2+3*150^2) -> 922.85869 | AE28: =((B28)*3*150^2)/(R28*$AE$3^2+3*150^2) -> 831.3253 | AF28: =((B28)*3*150^2)/(R28*$AF$3^2+3*150^2) -> 679.65077 | AG28: =((B28)*3*150^2)/(R28*$AG$3^2+3*150^2) -> 541.36947 | AH28: =((B28)*3*150^2)/(R28*$AH$3^2+3*150^2) -> 342.35453 | AI28: =((B28)*3*150^2)/(R28*$AI$3^2+3*150^2) -> 226.0274
A29: 1407 | B29: 1025.4 | C29: 955.7 | D29: 826.2 | E29: 674.8 | F29: 528.5 | G29: 319.1 | H29: 197.5 | I29: =B29/1000 -> 1.0254 | J29: =LOG10((((3*150*150)*B29)/C29)-((3*150*150))) -> 3.692215 | K29: =LOG10((((3*150*150)*B29)/D29)-((3*150*150))) -> 4.2115079 | L29: =LOG10((((3*150*150)*B29)/E29)-((3*150*150))) -> 4.5449406 | M29: =LOG10((((3*150*150)*B29)/F29)-((3*150*150))) -> 4.8025278 | N29: =LOG10((((3*150*150)*B29)/G29)-((3*150*150))) -> 5.1743662 | O29: =LOG10((((3*150*150)*B29)/H29)-((3*150*150))) -> 5.4517146 | P29: =10^(INTERCEPT(J29:O29,$J$1:$O$1)) -> 0.050048869 | Q29: =LINEST(J29:O29,$J$1:$O$1) -> 2.1967026 | R29: =ROUND(10^((SUM(J29:N29)-2*SUM($J$1:$N$1))/5),3) -> 0.166 | S29: =ROUND(-1.5*((150^2)/(R29*I29))/1000,0) -> -198 | T29: =-4*S29 -> 792 | U29: =ROUND(150/(R29^0.5),0) -> 368 | V29: =ROUND(150*I29*ATAN((1800*SQRT(3*R29))/(3*150))*SQRT(3/(R29)),0) -> 804 | W29: =ROUND(1/SQRT(R29),3) -> 2.454 | Y29: =ROUND(B29-D29,3) -> 199.2 | Z29: =ROUND(D29-F29,3) -> 297.7 | AA29: =ROUND(F29-G29,3) -> 209.4 | AC29: =((B29)*3*150^2)/(R29*$AC$3^2+3*150^2) -> 1025.4 | AD29: =((B29)*3*150^2)/(R29*$AD$3^2+3*150^2) -> 933.56488 | AE29: =((B29)*3*150^2)/(R29*$AE$3^2+3*150^2) -> 839.57424 | AF29: =((B29)*3*150^2)/(R29*$AF$3^2+3*150^2) -> 684.51268 | AG29: =((B29)*3*150^2)/(R29*$AG$3^2+3*150^2) -> 543.8826 | AH29: =((B29)*3*150^2)/(R29*$AH$3^2+3*150^2) -> 342.7139 | AI29: =((B29)*3*150^2)/(R29*$AI$3^2+3*150^2) -> 225.79272
A30: 1404 | B30: 1020.2 | C30: 950 | D30: 826.7 | E30: 674.8 | F30: 528.9 | G30: 319.4 | H30: 198.1 | I30: =B30/1000 -> 1.0202 | J30: =LOG10((((3*150*150)*B30)/C30)-((3*150*150))) -> 3.6979173 | K30: =LOG10((((3*150*150)*B30)/D30)-((3*150*150))) -> 4.1986368 | L30: =LOG10((((3*150*150)*B30)/E30)-((3*150*150))) -> 4.538451 | M30: =LOG10((((3*150*150)*B30)/F30)-((3*150*150))) -> 4.797277 | N30: =LOG10((((3*150*150)*B30)/G30)-((3*150*150))) -> 5.170563 | O30: =LOG10((((3*150*150)*B30)/H30)-((3*150*150))) -> 5.4473439 | P30: =10^(INTERCEPT(J30:O30,$J$1:$O$1)) -> 0.050962682 | Q30: =LINEST(J30:O30,$J$1:$O$1) -> 2.1921326 | R30: =ROUND(10^((SUM(J30:N30)-2*SUM($J$1:$N$1))/5),3) -> 0.164 | S30: =ROUND(-1.5*((150^2)/(R30*I30))/1000,0) -> -202 | T30: =-4*S30 -> 808 | U30: =ROUND(150/(R30^0.5),0) -> 370 | V30: =ROUND(150*I30*ATAN((1800*SQRT(3*R30))/(3*150))*SQRT(3/(R30)),0) -> 804 | W30: =ROUND(1/SQRT(R30),3) -> 2.469 | Y30: =ROUND(B30-D30,3) -> 193.5 | Z30: =ROUND(D30-F30,3) -> 297.8 | AA30: =ROUND(F30-G30,3) -> 209.5 | AC30: =((B30)*3*150^2)/(R30*$AC$3^2+3*150^2) -> 1020.2 | AD30: =((B30)*3*150^2)/(R30*$AD$3^2+3*150^2) -> 929.83392 | AE30: =((B30)*3*150^2)/(R30*$AE$3^2+3*150^2) -> 837.14442 | AF30: =((B30)*3*150^2)/(R30*$AF$3^2+3*150^2) -> 683.78016 | AG30: =((B30)*3*150^2)/(R30*$AG$3^2+3*150^2) -> 544.20341 | AH30: =((B30)*3*150^2)/(R30*$AH$3^2+3*150^2) -> 343.73315 | AI30: =((B30)*3*150^2)/(R30*$AI$3^2+3*150^2) -> 226.7783
A31: 1396 | B31: 1016.7 | C31: 944.5 | D31: 822.7 | E31: 672.9 | F31: 528.3 | G31: 318.8 | H31: 198.2 | I31: =B31/1000 -> 1.0167 | J31: =LOG10((((3*150*150)*B31)/C31)-((3*150*150))) -> 3.712639 | K31: =LOG10((((3*150*150)*B31)/D31)-((3*150*150))) -> 4.201864 | L31: =LOG10((((3*150*150)*B31)/E31)-((3*150*150))) -> 4.5376591 | M31: =LOG10((((3*150*150)*B31)/F31)-((3*150*150))) -> 4.7951988 | N31: =LOG10((((3*150*150)*B31)/G31)-((3*150*150))) -> 5.1695787 | O31: =LOG10((((3*150*150)*B31)/H31)-((3*150*150))) -> 5.4452188 | P31: =10^(INTERCEPT(J31:O31,$J$1:$O$1)) -> 0.057448991 | Q31: =LINEST(J31:O31,$J$1:$O$1) -> 2.17365 | R31: =ROUND(10^((SUM(J31:N31)-2*SUM($J$1:$N$1))/5),3) -> 0.165 | S31: =ROUND(-1.5*((150^2)/(R31*I31))/1000,0) -> -201 | T31: =-4*S31 -> 804 | U31: =ROUND(150/(R31^0.5),0) -> 369 | V31: =ROUND(150*I31*ATAN((1800*SQRT(3*R31))/(3*150))*SQRT(3/(R31)),0) -> 799 | W31: =ROUND(1/SQRT(R31),3) -> 2.462 | Y31: =ROUND(B31-D31,3) -> 194 | Z31: =ROUND(D31-F31,3) -> 294.4 | AA31: =ROUND(F31-G31,3) -> 209.5 | AC31: =((B31)*3*150^2)/(R31*$AC$3^2+3*150^2) -> 1016.7 | AD31: =((B31)*3*150^2)/(R31*$AD$3^2+3*150^2) -> 926.14372 | AE31: =((B31)*3*150^2)/(R31*$AE$3^2+3*150^2) -> 833.36066 | AF31: =((B31)*3*150^2)/(R31*$AF$3^2+3*150^2) -> 680.06689 | AG31: =((B31)*3*150^2)/(R31*$AG$3^2+3*150^2) -> 540.79787 | AH31: =((B31)*3*150^2)/(R31*$AH$3^2+3*150^2) -> 341.1745 | AI31: =((B31)*3*150^2)/(R31*$AI$3^2+3*150^2) -> 224.93363
A32: =AVERAGE(A20:A23) -> 381 | B32: =AVERAGE(B20:B23) -> 372.925 | C32: =AVERAGE(C20:C23) -> 339.25 | D32: =AVERAGE(D20:D23) -> 293.625 | E32: =AVERAGE(E20:E23) -> 227.675 | F32: =AVERAGE(F20:F23) -> 173.375 | G32: =AVERAGE(G20:G23) -> 95.05 | H32: =AVERAGE(H20:H23) -> 55.175 | ... W32: =AVERAGE(W20:W23) -> 2.198 | X32: =SLOPE(W32:W34,A32:A34) -> 0.00026413033 | Y32: =AVERAGE(Y20:Y23) -> 79.3 | Z32: =AVERAGE(Z20:Z23) -> 120.25 | AA32: =AVERAGE(AA20:AA23) -> 78.325 | AC32: =AVERAGE(AC20:AC23) -> 372.925 | AD32: =AVERAGE(AD20:AD23) -> 332.18238 | AE32: =AVERAGE(AE20:AE23) -> 292.26973 | AF32: =AVERAGE(AF20:AF23) -> 230.07269 | AG32: =AVERAGE(AG20:AG23) -> 177.26227 | AH32: =AVERAGE(AH20:AH23) -> 107.05472 | AI32: =AVERAGE(AI20:AI23) -> 68.868221
A33: =AVERAGE(A24:A27) -> 715.25 | B33: =AVERAGE(B24:B27) -> 619.425 | C33: =AVERAGE(C24:C27) -> 564.525 | D33: =AVERAGE(D24:D27) -> 493.075 | E33: =AVERAGE(E24:E27) -> 390.25 | F33: =AVERAGE(F24:F27) -> 302.525 | G33: =AVERAGE(G24:G27) -> 174.975 | H33: =AVERAGE(H24:H27) -> 104.15 | ... W33: =AVERAGE(W24:W27) -> 2.285 | Y33: =AVERAGE(Y24:Y27) -> 126.35 | Z33: =AVERAGE(Z24:Z27) -> 190.55 | AA33: =AVERAGE(AA24:AA27) -> 127.55 | AB33: =AC33/AC32 -> 1.6609908 | AC33: =AVERAGE(AC24:AC27) -> 619.425 | AD33: =AVERAGE(AD24:AD27) -> 556.30398 | AE33: =AVERAGE(AE24:AE27) -> 493.45002 | AF33: =AVERAGE(AF24:AF27) -> 393.43428 | AG33: =AVERAGE(AG24:AG27) -> 306.47092 | AH33: =AVERAGE(AH24:AH27) -> 187.84319 | AI33: =AVERAGE(AI24:AI27) -> 121.8255 | AJ33: =AI33/AI32 -> 1.7689654
A34: =AVERAGE(A28:A31) -> 1394.75 | B34: =AVERAGE(B28:B31) -> 1018.575 | C34: =AVERAGE(C28:C31) -> 950.375 | D34: =AVERAGE(D28:D31) -> 822.975 | E34: =AVERAGE(E28:E31) -> 670.625 | F34: =AVERAGE(F28:F31) -> 525.825 | G34: =AVERAGE(G28:G31) -> 316.6 | H34: =AVERAGE(H28:H31) -> 195.675 | ... W34: =AVERAGE(W28:W31) -> 2.4655 | Y34: =AVERAGE(Y28:Y31) -> 195.6 | Z34: =AVERAGE(Z28:Z31) -> 297.15 | AA34: =AVERAGE(AA28:AA31) -> 209.225 | AB34: =AC34/AC32 -> 2.7313133 | AC34: =AVERAGE(AC28:AC31) -> 1018.575 | AD34: =AVERAGE(AD28:AD31) -> 928.1003 | AE34: =AVERAGE(AE28:AE31) -> 835.35115 | AF34: =AVERAGE(AF28:AF31) -> 682.00263 | AG34: =AVERAGE(AG28:AG31) -> 542.56334 | AH34: =AVERAGE(AH28:AH31) -> 342.49402 | AI34: =AVERAGE(AI28:AI31) -> 225.88301 | AJ34: =AI34/AI32 -> 3.279931
A35: 370 | B35: 371.1 | C35: 348.3 | D35: 306.7 | E35: 238.6 | F35: 181 | G35: 100.3 | H35: 56.5 | I35: =B35/1000 -> 0.3711 | J35: =LOG10((((3*150*150)*B35)/C35)-((3*150*150))) -> 3.6452851 | K35: =LOG10((((3*150*150)*B35)/D35)-((3*150*150))) -> 4.1514759 | L35: =LOG10((((3*150*150)*B35)/E35)-((3*150*150))) -> 4.5738492 | M35: =LOG10((((3*150*150)*B35)/F35)-((3*150*150))) -> 4.8506073 | N35: =LOG10((((3*150*150)*B35)/G35)-((3*150*150))) -> 5.2606515 | O35: =LOG10((((3*150*150)*B35)/H35)-((3*150*150))) -> 5.575014 | P35: =10^(INTERCEPT(J35:O35,$J$1:$O$1)) -> 0.012038156 | Q35: =LINEST(J35:O35,$J$1:$O$1) -> 2.4363524 | R35: =ROUND(10^((SUM(J35:N35)-2*SUM($J$1:$N$1))/5),3) -> 0.17 | S35: =ROUND(-1.5*((150^2)/(R35*I35))/1000,0) -> -535 | T35: =-4*S35 -> 2140 | U35: =ROUND(150/(R35^0.5),0) -> 364 | V35: =ROUND(150*I35*ATAN((1800*SQRT(3*R35))/(3*150))*SQRT(3/(R35)),0) -> 289 | W35: =ROUND(1/SQRT(R35),3) -> 2.425 | Y35: =ROUND(B35-D35,3) -> 64.4 | Z35: =ROUND(D35-F35,3) -> 125.7 | AA35: =ROUND(F35-G35,3) -> 80.7 | AC35: =((B35)*3*150^2)/(R35*$AC$3^2+3*150^2) -> 371.1 | AD35: =((B35)*3*150^2)/(R35*$AD$3^2+3*150^2) -> 337.13661 | AE35: =((B35)*3*150^2)/(R35*$AE$3^2+3*150^2) -> 302.52717 | AF35: =((B35)*3*150^2)/(R35*$AF$3^2+3*150^2) -> 245.76159 | AG35: =((B35)*3*150^2)/(R35*$AG$3^2+3*150^2) -> 194.63287 | AH35: =((B35)*3*150^2)/(R35*$AH$3^2+3*150^2) -> 122.07237 | AI35: =((B35)*3*150^2)/(R35*$AI$3^2+3*150^2) -> 80.208934
A36: 359 | B36: 353.3 | C36: 329.9 | D36: 291 | E36: 226.6 | F36: 174.3 | G36: 98.2 | H36: 56.5 | I36: =B36/1000 -> 0.3533 | J36: =LOG10((((3*150*150)*B36)/C36)-((3*150*150))) -> 3.6801373 | K36: =LOG10((((3*150*150)*B36)/D36)-((3*150*150))) -> 4.1598988 | L36: =LOG10((((3*150*150)*B36)/E36)-((3*150*150))) -> 4.5768205 | M36: =LOG10((((3*150*150)*B36)/F36)-((3*150*150))) -> 4.8408594 | N36: =LOG10((((3*150*150)*B36)/G36)-((3*150*150))) -> 5.2439027 | O36: =LOG10((((3*150*150)*B36)/H36)-((3*150*150))) -> 5.5497192 | P36: =10^(INTERCEPT(J36:O36,$J$1:$O$1)) -> 0.018782399 | Q36: =LINEST(J36:O36,$J$1:$O$1) -> 2.3646479 | R36: =ROUND(10^((SUM(J36:N36)-2*SUM($J$1:$N$1))/5),3) -> 0.172 | S36: =ROUND(-1.5*((150^2)/(R36*I36))/1000,0) -> -555 | T36: =-4*S36 -> 2220 | U36: =ROUND(150/(R36^0.5),0) -> 362 | V36: =ROUND(150*I36*ATAN((1800*SQRT(3*R36))/(3*150))*SQRT(3/(R36)),0) -> 274 | W36: =ROUND(1/SQRT(R36),3) -> 2.411 | Y36: =ROUND(B36-D36,3) -> 62.3 | Z36: =ROUND(D36-F36,3) -> 116.7 | AA36: =ROUND(F36-G36,3) -> 76.1 | AC36: =((B36)*3*150^2)/(R36*$AC$3^2+3*150^2) -> 353.3 | AD36: =((B36)*3*150^2)/(R36*$AD$3^2+3*150^2) -> 320.62046 | AE36: =((B36)*3*150^2)/(R36*$AE$3^2+3*150^2) -> 287.39154 | AF36: =((B36)*3*150^2)/(R36*$AF$3^2+3*150^2) -> 233.04749 | AG36: =((B36)*3*150^2)/(R36*$AG$3^2+3*150^2) -> 184.26634 | AH36: =((B36)*3*150^2)/(R36*$AH$3^2+3*150^2) -> 115.30679 | AI36: =((B36)*3*150^2)/(R36*$AI$3^2+3*150^2) -> 75.663906
A37: 360 | B37: 346.2 | C37: 323 | D37: 285.2 | E37: 222.7 | F37: 171.9 | G37: 97.3 | H37: 56.3 | I37: =B37/1000 -> 0.3462 | J37: =LOG10((((3*150*150)*B37)/C37)-((3*150*150))) -> 3.6855892 | K37: =LOG10((((3*150*150)*B37)/D37)-((3*150*150))) -> 4.1594841 | L37: =LOG10((((3*150*150)*B37)/E37)-((3*150*150))) -> 4.5732505 | M37: =LOG10((((3*150*150)*B37)/F37)-((3*150*150))) -> 4.8353253 | N37: =LOG10((((3*150*150)*B37)/G37)-((3*150*150))) -> 5.2372158 | O37: =LOG10((((3*150*150)*B37)/H37)-((3*150*150))) -> 5.5410436 | P37: =10^(INTERCEPT(J37:O37,$J$1:$O$1)) -> 0.020717632 | Q37: =LINEST(J37:O37,$J$1:$O$1) -> 2.3477197 | R37: =ROUND(10^((SUM(J37:N37)-2*SUM($J$1:$N$1))/5),3) -> 0.171 | S37: =ROUND(-1.5*((150^2)/(R37*I37))/1000,0) -> -570 | T37: =-4*S37 -> 2280 | U37: =ROUND(150/(R37^0.5),0) -> 363 | V37: =ROUND(150*I37*ATAN((1800*SQRT(3*R37))/(3*150))*SQRT(3/(R37)),0) -> 269 | W37: =ROUND(1/SQRT(R37),3) -> 2.418 | Y37: =ROUND(B37-D37,3) -> 61 | Z37: =ROUND(D37-F37,3) -> 113.3 | AA37: =ROUND(F37-G37,3) -> 74.6 | AC37: =((B37)*3*150^2)/(R37*$AC$3^2+3*150^2) -> 346.2 | AD37: =((B37)*3*150^2)/(R37*$AD$3^2+3*150^2) -> 314.34625 | AE37: =((B37)*3*150^2)/(R37*$AE$3^2+3*150^2) -> 281.92182 | AF37: =((B37)*3*150^2)/(R37*$AF$3^2+3*150^2) -> 228.81692 | AG37: =((B37)*3*150^2)/(R37*$AG$3^2+3*150^2) -> 181.06695 | AH37: =((B37)*3*150^2)/(R37*$AH$3^2+3*150^2) -> 113.43381 | AI37: =((B37)*3*150^2)/(R37*$AI$3^2+3*150^2) -> 74.483649
A38: 363 | B38: 347.2 | C38: 322.6 | D38: 284.9 | E38: 222.7 | F38: 171.8 | G38: 97.6 | H38: 56.1 | I38: =B38/1000 -> 0.3472 | J38: =LOG10((((3*150*150)*B38)/C38)-((3*150*150))) -> 3.7115745 | K38: =LOG10((((3*150*150)*B38)/D38)-((3*150*150))) -> 4.1690994 | L38: =LOG10((((3*150*150)*B38)/E38)-((3*150*150))) -> 4.5767529 | M38: =LOG10((((3*150*150)*B38)/F38)-((3*150*150))) -> 4.8383102 | N38: =LOG10((((3*150*150)*B38)/G38)-((3*150*150))) -> 5.2370985 | O38: =LOG10((((3*150*150)*B38)/H38)-((3*150*150))) -> 5.5443831 | P38: =10^(INTERCEPT(J38:O38,$J$1:$O$1)) -> 0.0249622 | Q38: =LINEST(J38:O38,$J$1:$O$1) -> 2.3206097 | R38: =ROUND(10^((SUM(J38:N38)-2*SUM($J$1:$N$1))/5),3) -> 0.174 | S38: =ROUND(-1.5*((150^2)/(R38*I38))/1000,0) -> -559 | T38: =-4*S38 -> 2236 | U38: =ROUND(150/(R38^0.5),0) -> 360 | V38: =ROUND(150*I38*ATAN((1800*SQRT(3*R38))/(3*150))*SQRT(3/(R38)),0) -> 268 | W38: =ROUND(1/SQRT(R38),3) -> 2.397 | Y38: =ROUND(B38-D38,3) -> 62.3 | Z38: =ROUND(D38-F38,3) -> 113.1 | AA38: =ROUND(F38-G38,3) -> 74.2 | AC38: =((B38)*3*150^2)/(R38*$AC$3^2+3*150^2) -> 347.2 | AD38: =((B38)*3*150^2)/(R38*$AD$3^2+3*150^2) -> 314.74617 | AE38: =((B38)*3*150^2)/(R38*$AE$3^2+3*150^2) -> 281.81818 | AF38: =((B38)*3*150^2)/(R38*$AF$3^2+3*150^2) -> 228.12089 | AG38: =((B38)*3*150^2)/(R38*$AG$3^2+3*150^2) -> 180.08299 | AH38: =((B38)*3*150^2)/(R38*$AH$3^2+3*150^2) -> 112.43523 | AI38: =((B38)*3*150^2)/(R38*$AI$3^2+3*150^2) -> 73.684211
A39: 692 | B39: 606.1 | C39: 565.6 | D39: 501.7 | E39: 397.7 | F39: 309.7 | G39: 182.2 | H39: 107.5 | I39: =B39/1000 -> 0.6061 | J39: =LOG10((((3*150*150)*B39)/C39)-((3*150*150))) -> 3.6842494 | K39: =LOG10((((3*150*150)*B39)/D39)-((3*150*150))) -> 4.1475602 | L39: =LOG10((((3*150*150)*B39)/E39)-((3*150*150))) -> 4.5486459 | M39: =LOG10((((3*150*150)*B39)/F39)-((3*150*150))) -> 4.8102408 | N39: =LOG10((((3*150*150)*B39)/G39)-((3*150*150))) -> 5.1960188 | O39: =LOG10((((3*150*150)*B39)/H39)-((3*150*150))) -> 5.4956476 | P39: =10^(INTERCEPT(J39:O39,$J$1:$O$1)) -> 0.027905395 | Q39: =LINEST(J39:O39,$J$1:$O$1) -> 2.2907329 | R39: =ROUND(10^((SUM(J39:N39)-2*SUM($J$1:$N$1))/5),3) -> 0.163 | S39: =ROUND(-1.5*((150^2)/(R39*I39))/1000,0) -> -342 | T39: =-4*S39 -> 1368 | U39: =ROUND(150/(R39^0.5),0) -> 372 | V39: =ROUND(150*I39*ATAN((1800*SQRT(3*R39))/(3*150))*SQRT(3/(R39)),0) -> 479 | W39: =ROUND(1/SQRT(R39),3) -> 2.477 | Y39: =ROUND(B39-D39,3) -> 104.4 | Z39: =ROUND(D39-F39,3) -> 192 | AA39: =ROUND(F39-G39,3) -> 127.5 | AC39: =((B39)*3*150^2)/(R39*$AC$3^2+3*150^2) -> 606.1 | AD39: =((B39)*3*150^2)/(R39*$AD$3^2+3*150^2) -> 552.7121 | AE39: =((B39)*3*150^2)/(R39*$AE$3^2+3*150^2) -> 497.89157 | AF39: =((B39)*3*150^2)/(R39*$AF$3^2+3*150^2) -> 407.05171 | AG39: =((B39)*3*150^2)/(R39*$AG$3^2+3*150^2) -> 324.23324 | AH39: =((B39)*3*150^2)/(R39*$AH$3^2+3*150^2) -> 205.0406 | AI39: =((B39)*3*150^2)/(R39*$AI$3^2+3*150^2) -> 135.37076
A40: 719 | B40: 614.5 | C40: 572.5 | D40: 509 | E40: 405.1 | F40: 315.8 | G40: 187.3 | H40: 111 | I40: =B40/1000 -> 0.6145 | J40: =LOG10((((3*150*150)*B40)/C40)-((3*150*150))) -> 3.6947776 | K40: =LOG10((((3*150*150)*B40)/D40)-((3*150*150))) -> 4.1458385 | L40: =LOG10((((3*150*150)*B40)/E40)-((3*150*150))) -> 4.5427182 | M40: =LOG10((((3*150*150)*B40)/F40)-((3*150*150))) -> 4.8051269 | N40: =LOG10((((3*150*150)*B40)/G40)-((3*150*150))) -> 5.1873972 | O40: =LOG10((((3*150*150)*B40)/H40)-((3*150*150))) -> 5.4859803 | P40: =10^(INTERCEPT(J40:O40,$J$1:$O$1)) -> 0.031893114 | Q40: =LINEST(J40:O40,$J$1:$O$1) -> 2.2680414 | R40: =ROUND(10^((SUM(J40:N40)-2*SUM($J$1:$N$1))/5),3) -> 0.162 | S40: =ROUND(-1.5*((150^2)/(R40*I40))/1000,0) -> -339 | T40: =-4*S40 -> 1356 | U40: =ROUND(150/(R40^0.5),0) -> 373 | V40: =ROUND(150*I40*ATAN((1800*SQRT(3*R40))/(3*150))*SQRT(3/(R40)),0) -> 486 | W40: =ROUND(1/SQRT(R40),3) -> 2.485 | Y40: =ROUND(B40-D40,3) -> 105.5 | Z40: =ROUND(D40-F40,3) -> 193.2 | AA40: =ROUND(F40-G40,3) -> 128.5 | AC40: =((B40)*3*150^2)/(R40*$AC$3^2+3*150^2) -> 614.5 | AD40: =((B40)*3*150^2)/(R40*$AD$3^2+3*150^2) -> 560.67518 | AE40: =((B40)*3*150^2)/(R40*$AE$3^2+3*150^2) -> 505.34539 | AF40: =((B40)*3*150^2)/(R40*$AF$3^2+3*150^2) -> 413.52624 | AG40: =((B40)*3*150^2)/(R40*$AG$3^2+3*150^2) -> 329.66738 | AH40: =((B40)*3*150^2)/(R40*$AH$3^2+3*150^2) -> 208.72962 | AI40: =((B40)*3*150^2)/(R40*$AI$3^2+3*150^2) -> 137.90395
A41: 711 | B41: 603.4 | C41: 562.3 | D41: 499.8 | E41: 398 | F41: 310.5 | G41: 184.1 | H41: 109.3 | I41: =B41/1000 -> 0.6034 | J41: =LOG10((((3*150*150)*B41)/C41)-((3*150*150))) -> 3.6931775 | K41: =LOG10((((3*150*150)*B41)/D41)-((3*150*150))) -> 4.1458673 | L41: =LOG10((((3*150*150)*B41)/E41)-((3*150*150))) -> 4.5420211 | M41: =LOG10((((3*150*150)*B41)/F41)-((3*150*150))) -> 4.8039615 | N41: =LOG10((((3*150*150)*B41)/G41)-((3*150*150))) -> 5.1867748 | O41: =LOG10((((3*150*150)*B41)/H41)-((3*150*150))) -> 5.4844985 | P41: =10^(INTERCEPT(J41:O41,$J$1:$O$1)) -> 0.031875354 | Q41: =LINEST(J41:O41,$J$1:$O$1) -> 2.2677898 | R41: =ROUND(10^((SUM(J41:N41)-2*SUM($J$1:$N$1))/5),3) -> 0.162 | S41: =ROUND(-1.5*((150^2)/(R41*I41))/1000,0) -> -345 | T41: =-4*S41 -> 1380 | U41: =ROUND(150/(R41^0.5),0) -> 373 | V41: =ROUND(150*I41*ATAN((1800*SQRT(3*R41))/(3*150))*SQRT(3/(R41)),0) -> 478 | W41: =ROUND(1/SQRT(R41),3) -> 2.485 | Y41: =ROUND(B41-D41,3) -> 103.6 | Z41: =ROUND(D41-F41,3) -> 189.3 | AA41: =ROUND(F41-G41,3) -> 126.4 | AC41: =((B41)*3*150^2)/(R41*$AC$3^2+3*150^2) -> 603.4 | AD41: =((B41)*3*150^2)/(R41*$AD$3^2+3*150^2) -> 550.54745 | AE41: =((B41)*3*150^2)/(R41*$AE$3^2+3*150^2) -> 496.21711 | AF41: =((B41)*3*150^2)/(R41*$AF$3^2+3*150^2) -> 406.05653 | AG41: =((B41)*3*150^2)/(R41*$AG$3^2+3*150^2) -> 323.71245 | AH41: =((B41)*3*150^2)/(R41*$AH$3^2+3*150^2) -> 204.95924 | AI41: =((B41)*3*150^2)/(R41*$AI$3^2+3*150^2) -> 135.41293
A42: 712 | B42: 600.3 | C42: 558.8 | D42: 497.4 | E42: 396.2 | F42: 308.8 | G42: 183.3 | H42: 109.3 | I42: =B42/1000 -> 0.6003 | J42: =LOG10((((3*150*150)*B42)/C42)-((3*150*150))) -> 3.7000955 | K42: =LOG10((((3*150*150)*B42)/D42)-((3*150*150))) -> 4.1450134 | L42: =LOG10((((3*150*150)*B42)/E42)-((3*150*150))) -> 4.5412323 | M42: =LOG10((((3*150*150)*B42)/F42)-((3*150*150))) -> 4.804265 | N42: =LOG10((((3*150*150)*B42)/G42)-((3*150*150))) -> 5.1862774 | O42: =LOG10((((3*150*150)*B42)/H42)-((3*150*150))) -> 5.4817651 | P42: =10^(INTERCEPT(J42:O42,$J$1:$O$1)) -> 0.033676666 | Q42: =LINEST(J42:O42,$J$1:$O$1) -> 2.2591155 | R42: =ROUND(10^((SUM(J42:N42)-2*SUM($J$1:$N$1))/5),3) -> 0.162 | S42: =ROUND(-1.5*((150^2)/(R42*I42))/1000,0) -> -347 | T42: =-4*S42 -> 1388 | U42: =ROUND(150/(R42^0.5),0) -> 373 | V42: =ROUND(150*I42*ATAN((1800*SQRT(3*R42))/(3*150))*SQRT(3/(R42)),0) -> 475 | W42: =ROUND(1/SQRT(R42),3) -> 2.485 | Y42: =ROUND(B42-D42,3) -> 102.9 | Z42: =ROUND(D42-F42,3) -> 188.6 | AA42: =ROUND(F42-G42,3) -> 125.5 | AC42: =((B42)*3*150^2)/(R42*$AC$3^2+3*150^2) -> 600.3 | AD42: =((B42)*3*150^2)/(R42*$AD$3^2+3*150^2) -> 547.71898 | AE42: =((B42)*3*150^2)/(R42*$AE$3^2+3*150^2) -> 493.66776 | AF42: =((B42)*3*150^2)/(R42*$AF$3^2+3*150^2) -> 403.97039 | AG42: =((B42)*3*150^2)/(R42*$AG$3^2+3*150^2) -> 322.04936 | AH42: =((B42)*3*150^2)/(R42*$AH$3^2+3*150^2) -> 203.90625 | AI42: =((B42)*3*150^2)/(R42*$AI$3^2+3*150^2) -> 134.71724
A43: 1377 | B43: 993.8 | C43: 948.3 | D43: 835.1 | E43: 668.4 | F43: 528.1 | G43: 324.7 | H43: 199.8 | I43: =B43/1000 -> 0.9938 | J43: =LOG10((((3*150*150)*B43)/C43)-((3*150*150))) -> 3.5103694 | K43: =LOG10((((3*150*150)*B43)/D43)-((3*150*150))) -> 4.1081422 | L43: =LOG10((((3*150*150)*B43)/E43)-((3*150*150))) -> 4.5166849 | M43: =LOG10((((3*150*150)*B43)/F43)-((3*150*150))) -> 4.7746938 | N43: =LOG10((((3*150*150)*B43)/G43)-((3*150*150))) -> 5.1433125 | O43: =LOG10((((3*150*150)*B43)/H43)-((3*150*150))) -> 5.4285288 | P43: =10^(INTERCEPT(J43:O43,$J$1:$O$1)) -> 0.013140125 | Q43: =LINEST(J43:O43,$J$1:$O$1) -> 2.3868916 | R43: =ROUND(10^((SUM(J43:N43)-2*SUM($J$1:$N$1))/5),3) -> 0.14 | S43: =ROUND(-1.5*((150^2)/(R43*I43))/1000,0) -> -243 | T43: =-4*S43 -> 972 | U43: =ROUND(150/(R43^0.5),0) -> 401 | V43: =ROUND(150*I43*ATAN((1800*SQRT(3*R43))/(3*150))*SQRT(3/(R43)),0) -> 830 | W43: =ROUND(1/SQRT(R43),3) -> 2.673 | Y43: =ROUND(B43-D43,3) -> 158.7 | Z43: =ROUND(D43-F43,3) -> 307 | AA43: =ROUND(F43-G43,3) -> 203.4 | AC43: =((B43)*3*150^2)/(R43*$AC$3^2+3*150^2) -> 993.8 | AD43: =((B43)*3*150^2)/(R43*$AD$3^2+3*150^2) -> 917.66758 | AE43: =((B43)*3*150^2)/(R43*$AE$3^2+3*150^2) -> 837.47191 | AF43: =((B43)*3*150^2)/(R43*$AF$3^2+3*150^2) -> 699.85915 | AG43: =((B43)*3*150^2)/(R43*$AG$3^2+3*150^2) -> 568.96947 | AH43: =((B43)*3*150^2)/(R43*$AH$3^2+3*150^2) -> 370.8209 | AI43: =((B43)*3*150^2)/(R43*$AI$3^2+3*150^2) -> 249.28094
A44: 1398 | B44: 997.9 | C44: 942.4 | D44: 836.9 | E44: 670.5 | F44: 532.4 | G44: 327.2 | H44: 200.1 | I44: =B44/1000 -> 0.9979 | J44: =LOG10((((3*150*150)*B44)/C44)-((3*150*150))) -> 3.5993615 | K44: =LOG10((((3*150*150)*B44)/D44)-((3*150*150))) -> 4.1134561 | L44: =LOG10((((3*150*150)*B44)/E44)-((3*150*150))) -> 4.5179837 | M44: =LOG10((((3*150*150)*B44)/F44)-((3*150*150))) -> 4.7709854 | N44: =LOG10((((3*150*150)*B44)/G44)-((3*150*150))) -> 5.1410188 | O44: =LOG10((((3*150*150)*B44)/H44)-((3*150*150))) -> 5.4299507 | P44: =10^(INTERCEPT(J44:O44,$J$1:$O$1)) -> 0.023658689 | Q44: =LINEST(J44:O44,$J$1:$O$1) -> 2.2981563 | R44: =ROUND(10^((SUM(J44:N44)-2*SUM($J$1:$N$1))/5),3) -> 0.146 | S44: =ROUND(-1.5*((150^2)/(R44*I44))/1000,0) -> -232 | T44: =-4*S44 -> 928 | U44: =ROUND(150/(R44^0.5),0) -> 393 | V44: =ROUND(150*I44*ATAN((1800*SQRT(3*R44))/(3*150))*SQRT(3/(R44)),0) -> 821 | W44: =ROUND(1/SQRT(R44),3) -> 2.617 | Y44: =ROUND(B44-D44,3) -> 161 | Z44: =ROUND(D44-F44,3) -> 304.5 | AA44: =ROUND(F44-G44,3) -> 205.2 | AC44: =((B44)*3*150^2)/(R44*$AC$3^2+3*150^2) -> 997.9 | AD44: =((B44)*3*150^2)/(R44*$AD$3^2+3*150^2) -> 918.4381 | AE44: =((B44)*3*150^2)/(R44*$AE$3^2+3*150^2) -> 835.29576 | AF44: =((B44)*3*150^2)/(R44*$AF$3^2+3*150^2) -> 693.94993 | AG44: =((B44)*3*150^2)/(R44*$AG$3^2+3*150^2) -> 561.03823 | AH44: =((B44)*3*150^2)/(R44*$AH$3^2+3*150^2) -> 362.60901 | AI44: =((B44)*3*150^2)/(R44*$AI$3^2+3*150^2) -> 242.52268
A45: 1391 | B45: 995.3 | C45: 937.9 | D45: 835.6 | E45: 670.1 | F45: 531.4 | G45: 327.5 | H45: 201.8 | I45: =B45/1000 -> 0.9953 | J45: =LOG10((((3*150*150)*B45)/C45)-((3*150*150))) -> 3.6160591 | K45: =LOG10((((3*150*150)*B45)/D45)-((3*150*150))) -> 4.1106103 | L45: =LOG10((((3*150*150)*B45)/E45)-((3*150*150))) -> 4.5153147 | M45: =LOG10((((3*150*150)*B45)/F45)-((3*150*150))) -> 4.7703066 | N45: =LOG10((((3*150*150)*B45)/G45)-((3*150*150))) -> 5.1387389 | O45: =LOG10((((3*150*150)*B45)/H45)-((3*150*150))) -> 5.4239295 | P45: =10^(INTERCEPT(J45:O45,$J$1:$O$1)) -> 0.026952314 | Q45: =LINEST(J45:O45,$J$1:$O$1) -> 2.2773824 | R45: =ROUND(10^((SUM(J45:N45)-2*SUM($J$1:$N$1))/5),3) -> 0.146 | S45: =ROUND(-1.5*((150^2)/(R45*I45))/1000,0) -> -232 | T45: =-4*S45 -> 928 | U45: =ROUND(150/(R45^0.5),0) -> 393 | V45: =ROUND(150*I45*ATAN((1800*SQRT(3*R45))/(3*150))*SQRT(3/(R45)),0) -> 819 | W45: =ROUND(1/SQRT(R45),3) -> 2.617 | Y45: =ROUND(B45-D45,3) -> 159.7 | Z45: =ROUND(D45-F45,3) -> 304.2 | AA45: =ROUND(F45-G45,3) -> 203.9 | AC45: =((B45)*3*150^2)/(R45*$AC$3^2+3*150^2) -> 995.3 | AD45: =((B45)*3*150^2)/(R45*$AD$3^2+3*150^2) -> 916.04513 | AE45: =((B45)*3*150^2)/(R45*$AE$3^2+3*150^2) -> 833.11942 | AF45: =((B45)*3*150^2)/(R45*$AF$3^2+3*150^2) -> 692.14186 | AG45: =((B45)*3*150^2)/(R45*$AG$3^2+3*150^2) -> 559.57646 | AH45: =((B45)*3*150^2)/(R45*$AH$3^2+3*150^2) -> 361.66424 | AI45: =((B45)*3*150^2)/(R45*$AI$3^2+3*150^2) -> 241.8908
A46: 1388 | B46: 993.4 | C46: 933.2 | D46: 834.8 | E46: 669.5 | F46: 530.4 | G46: 326.9 | H46: 201.5 | I46: =B46/1000 -> 0.9934 | J46: =LOG10((((3*150*150)*B46)/C46)-((3*150*150))) -> 3.6389255 | K46: =LOG10((((3*150*150)*B46)/D46)-((3*150*150))) -> 4.1080245 | L46: =LOG10((((3*150*150)*B46)/E46)-((3*150*150))) -> 4.5139641 | M46: =LOG10((((3*150*150)*B46)/F46)-((3*150*150))) -> 4.7702812 | N46: =LOG10((((3*150*150)*B46)/G46)-((3*150*150))) -> 5.138689 | O46: =LOG10((((3*150*150)*B46)/H46)-((3*150*150))) -> 5.4236991 | P46: =10^(INTERCEPT(J46:O46,$J$1:$O$1)) -> 0.030846328 | Q46: =LINEST(J46:O46,$J$1:$O$1) -> 2.2568799 | R46: =ROUND(10^((SUM(J46:N46)-2*SUM($J$1:$N$1))/5),3) -> 0.147 | S46: =ROUND(-1.5*((150^2)/(R46*I46))/1000,0) -> -231 | T46: =-4*S46 -> 924 | U46: =ROUND(150/(R46^0.5),0) -> 391 | V46: =ROUND(150*I46*ATAN((1800*SQRT(3*R46))/(3*150))*SQRT(3/(R46)),0) -> 815 | W46: =ROUND(1/SQRT(R46),3) -> 2.608 | Y46: =ROUND(B46-D46,3) -> 158.6 | Z46: =ROUND(D46-F46,3) -> 304.4 | AA46: =ROUND(F46-G46,3) -> 203.5 | AC46: =((B46)*3*150^2)/(R46*$AC$3^2+3*150^2) -> 993.4 | AD46: =((B46)*3*150^2)/(R46*$AD$3^2+3*150^2) -> 913.79804 | AE46: =((B46)*3*150^2)/(R46*$AE$3^2+3*150^2) -> 830.60201 | AF46: =((B46)*3*150^2)/(R46*$AF$3^2+3*150^2) -> 689.38237 | AG46: =((B46)*3*150^2)/(R46*$AG$3^2+3*150^2) -> 556.83857 | AH46: =((B46)*3*150^2)/(R46*$AH$3^2+3*150^2) -> 359.40666 | AI46: =((B46)*3*150^2)/(R46*$AI$3^2+3*150^2) -> 240.18375
A47: =AVERAGE(A35:A38) -> 363 | B47: =AVERAGE(B35:B38) -> 354.45 | C47: =AVERAGE(C35:C38) -> 330.95 | D47: =AVERAGE(D35:D38) -> 291.95 | E47: =AVERAGE(E35:E38) -> 227.65 | F47: =AVERAGE(F35:F38) -> 174.75 | G47: =AVERAGE(G35:G38) -> 98.35 | H47: =AVERAGE(H35:H38) -> 56.35 | ... W47: =AVERAGE(W35:W38) -> 2.41275 | X47: =SLOPE(W47:W49,A47:A49) -> 0.00021114549 | Y47: =AVERAGE(Y35:Y38) -> 62.5 | Z47: =AVERAGE(Z35:Z38) -> 117.2 | AA47: =AVERAGE(AA35:AA38) -> 76.4 | AC47: =AVERAGE(AC35:AC38) -> 354.45 | AD47: =AVERAGE(AD35:AD38) -> 321.71237 | AE47: =AVERAGE(AE35:AE38) -> 288.41468 | AF47: =AVERAGE(AF35:AF38) -> 233.93672 | AG47: =AVERAGE(AG35:AG38) -> 185.01229 | AH47: =AVERAGE(AH35:AH38) -> 115.81205 | AI47: =AVERAGE(AI35:AI38) -> 76.010175
A48: =AVERAGE(A39:A42) -> 708.5 | B48: =AVERAGE(B39:B42) -> 606.075 | C48: =AVERAGE(C39:C42) -> 564.8 | D48: =AVERAGE(D39:D42) -> 501.975 | E48: =AVERAGE(E39:E42) -> 399.25 | F48: =AVERAGE(F39:F42) -> 311.2 | G48: =AVERAGE(G39:G42) -> 184.225 | H48: =AVERAGE(H39:H42) -> 109.275 | ... W48: =AVERAGE(W39:W42) -> 2.483 | Y48: =AVERAGE(Y39:Y42) -> 104.1 | Z48: =AVERAGE(Z39:Z42) -> 190.775 | AA48: =AVERAGE(AA39:AA42) -> 126.975 | AB48: =AC48/AC47 -> 1.7099027 | AC48: =AVERAGE(AC39:AC42) -> 606.075 | AD48: =AVERAGE(AD39:AD42) -> 552.91343 | AE48: =AVERAGE(AE39:AE42) -> 498.28046 | AF48: =AVERAGE(AF39:AF42) -> 407.65122 | AG48: =AVERAGE(AG39:AG42) -> 324.91561 | AH48: =AVERAGE(AH39:AH42) -> 205.65893 | AI48: =AVERAGE(AI39:AI42) -> 135.85122 | AJ48: =AI48/AI47 -> 1.7872767
A49: =AVERAGE(A43:A46) -> 1388.5 | B49: =AVERAGE(B43:B46) -> 995.1 | C49: =AVERAGE(C43:C46) -> 940.45 | D49: =AVERAGE(D43:D46) -> 835.6 | E49: =AVERAGE(E43:E46) -> 669.625 | F49: =AVERAGE(F43:F46) -> 530.575 | G49: =AVERAGE(G43:G46) -> 326.575 | H49: =AVERAGE(H43:H46) -> 200.8 | ... W49: =AVERAGE(W43:W46) -> 2.62875 | Y49: =AVERAGE(Y43:Y46) -> 159.5 | Z49: =AVERAGE(Z43:Z46) -> 305.025 | AA49: =AVERAGE(AA43:AA46) -> 204 | AB49: =AC49/AC47 -> 2.8074482 | AC49: =AVERAGE(AC43:AC46) -> 995.1 | AD49: =AVERAGE(AD43:AD46) -> 916.48721 | AE49: =AVERAGE(AE43:AE46) -> 834.12227 | AF49: =AVERAGE(AF43:AF46) -> 693.83333 | AG49: =AVERAGE(AG43:AG46) -> 561.60568 | AH49: =AVERAGE(AH43:AH46) -> 363.6252 | AI49: =AVERAGE(AI43:AI46) -> 243.46954 | AJ49: =AI49/AI47 -> 3.2031178
A50: 385 | B50: 450.6 | C50: 384.8 | D50: 321.3 | E50: 235.2 | F50: 172.2 | G50: 90 | H50: 48.1 | I50: =B50/1000 -> 0.4506 | J50: =LOG10((((3*150*150)*B50)/C50)-((3*150*150))) -> 4.0622946 | K50: =LOG10((((3*150*150)*B50)/D50)-((3*150*150))) -> 4.4339916 | L50: =LOG10((((3*150*150)*B50)/E50)-((3*150*150))) -> 4.7911122 | M50: =LOG10((((3*150*150)*B50)/F50)-((3*150*150))) -> 5.0379399 | N50: =LOG10((((3*150*150)*B50)/G50)-((3*150*150))) -> 5.432087 | O50: =LOG10((((3*150*150)*B50)/H50)-((3*150*150))) -> 5.7519246 | P50: =10^(INTERCEPT(J50:O50,$J$1:$O$1)) -> 0.13055242 | Q50: =LINEST(J50:O50,$J$1:$O$1) -> 2.1433708 | R50: =ROUND(10^((SUM(J50:N50)-2*SUM($J$1:$N$1))/5),3) -> 0.306 | S50: =ROUND(-1.5*((150^2)/(R50*I50))/1000,0) -> -245 | T50: =-4*S50 -> 980 | U50: =ROUND(150/(R50^0.5),0) -> 271 | V50: =ROUND(150*I50*ATAN((1800*SQRT(3*R50))/(3*150))*SQRT(3/(R50)),0) -> 278 | W50: =ROUND(1/SQRT(R50),3) -> 1.808 | Y50: =ROUND(B50-D50,3) -> 129.3 | Z50: =ROUND(D50-F50,3) -> 149.1 | AA50: =ROUND(F50-G50,3) -> 82.2 | AC50: =((B50)*3*150^2)/(R50*$AC$3^2+3*150^2) -> 450.6 | AD50: =((B50)*3*150^2)/(R50*$AD$3^2+3*150^2) -> 381.43341 | AE50: =((B50)*3*150^2)/(R50*$AE$3^2+3*150^2) -> 320.02841 | AF50: =((B50)*3*150^2)/(R50*$AF$3^2+3*150^2) -> 234.93222 | AG50: =((B50)*3*150^2)/(R50*$AG$3^2+3*150^2) -> 171.20061 | AH50: =((B50)*3*150^2)/(R50*$AH$3^2+3*150^2) -> 96.446918 | AI50: =((B50)*3*150^2)/(R50*$AI$3^2+3*150^2) -> 59.856536
A51: 390 | B51: 422.2 | C51: 357.8 | D51: 298.1 | E51: 218.8 | F51: 162.1 | G51: 87.8 | H51: 49.2 | I51: =B51/1000 -> 0.4222 | J51: =LOG10((((3*150*150)*B51)/C51)-((3*150*150))) -> 4.0845493 | K51: =LOG10((((3*150*150)*B51)/D51)-((3*150*150))) -> 4.4487136 | L51: =LOG10((((3*150*150)*B51)/E51)-((3*150*150))) -> 4.7976074 | M51: =LOG10((((3*150*150)*B51)/F51)-((3*150*150))) -> 5.0346611 | N51: =LOG10((((3*150*150)*B51)/G51)-((3*150*150))) -> 5.4100755 | O51: =LOG10((((3*150*150)*B51)/H51)-((3*150*150))) -> 5.7090475 | P51: =10^(INTERCEPT(J51:O51,$J$1:$O$1)) -> 0.21411315 | Q51: =LINEST(J51:O51,$J$1:$O$1) -> 2.0624836 | R51: =ROUND(10^((SUM(J51:N51)-2*SUM($J$1:$N$1))/5),3) -> 0.309 | S51: =ROUND(-1.5*((150^2)/(R51*I51))/1000,0) -> -259 | T51: =-4*S51 -> 1036 | U51: =ROUND(150/(R51^0.5),0) -> 270 | V51: =ROUND(150*I51*ATAN((1800*SQRT(3*R51))/(3*150))*SQRT(3/(R51)),0) -> 260 | W51: =ROUND(1/SQRT(R51),3) -> 1.799 | Y51: =ROUND(B51-D51,3) -> 124.1 | Z51: =ROUND(D51-F51,3) -> 136 | AA51: =ROUND(F51-G51,3) -> 74.3 | AC51: =((B51)*3*150^2)/(R51*$AC$3^2+3*150^2) -> 422.2 | AD51: =((B51)*3*150^2)/(R51*$AD$3^2+3*150^2) -> 356.85575 | AE51: =((B51)*3*150^2)/(R51*$AE$3^2+3*150^2) -> 299.0085 | AF51: =((B51)*3*150^2)/(R51*$AF$3^2+3*150^2) -> 219.09704 | AG51: =((B51)*3*150^2)/(R51*$AG$3^2+3*150^2) -> 159.44109 | AH51: =((B51)*3*150^2)/(R51*$AH$3^2+3*150^2) -> 89.677145 | AI51: =((B51)*3*150^2)/(R51*$AI$3^2+3*150^2) -> 55.61117
A52: 388 | B52: 409.4 | C52: 347.2 | D52: 289.8 | E52: 213.9 | F52: 159.4 | G52: 86.3 | H52: 49 | I52: =B52/1000 -> 0.4094 | J52: =LOG10((((3*150*150)*B52)/C52)-((3*150*150))) -> 4.0825144 | K52: =LOG10((((3*150*150)*B52)/D52)-((3*150*150))) -> 4.4449366 | L52: =LOG10((((3*150*150)*B52)/E52)-((3*150*150))) -> 4.7902397 | M52: =LOG10((((3*150*150)*B52)/F52)-((3*150*150))) -> 5.0247555 | N52: =LOG10((((3*150*150)*B52)/G52)-((3*150*150))) -> 5.4026299 | O52: =LOG10((((3*150*150)*B52)/H52)-((3*150*150))) -> 5.6958925 | P52: =10^(INTERCEPT(J52:O52,$J$1:$O$1)) -> 0.22771065 | Q52: =LINEST(J52:O52,$J$1:$O$1) -> 2.0499165 | R52: =ROUND(10^((SUM(J52:N52)-2*SUM($J$1:$N$1))/5),3) -> 0.304 | S52: =ROUND(-1.5*((150^2)/(R52*I52))/1000,0) -> -271 | T52: =-4*S52 -> 1084 | U52: =ROUND(150/(R52^0.5),0) -> 272 | V52: =ROUND(150*I52*ATAN((1800*SQRT(3*R52))/(3*150))*SQRT(3/(R52)),0) -> 254 | W52: =ROUND(1/SQRT(R52),3) -> 1.814 | Y52: =ROUND(B52-D52,3) -> 119.6 | Z52: =ROUND(D52-F52,3) -> 130.4 | AA52: =ROUND(F52-G52,3) -> 73.1 | AC52: =((B52)*3*150^2)/(R52*$AC$3^2+3*150^2) -> 409.4 | AD52: =((B52)*3*150^2)/(R52*$AD$3^2+3*150^2) -> 346.9056 | AE52: =((B52)*3*150^2)/(R52*$AE$3^2+3*150^2) -> 291.31879 | AF52: =((B52)*3*150^2)/(R52*$AF$3^2+3*150^2) -> 214.12134 | AG52: =((B52)*3*150^2)/(R52*$AG$3^2+3*150^2) -> 156.18006 | AH52: =((B52)*3*150^2)/(R52*$AH$3^2+3*150^2) -> 88.080895 | AI52: =((B52)*3*150^2)/(R52*$AI$3^2+3*150^2) -> 54.693623
A53: 387 | B53: 405.9 | C53: 344.6 | D53: 287.7 | E53: 212.8 | F53: 158.9 | G53: 86.3 | H53: 49.3 | I53: =B53/1000 -> 0.4059 | J53: =LOG10((((3*150*150)*B53)/C53)-((3*150*150))) -> 4.079449 | K53: =LOG10((((3*150*150)*B53)/D53)-((3*150*150))) -> 4.4429814 | L53: =LOG10((((3*150*150)*B53)/E53)-((3*150*150))) -> 4.7871144 | M53: =LOG10((((3*150*150)*B53)/F53)-((3*150*150))) -> 5.0208768 | N53: =LOG10((((3*150*150)*B53)/G53)-((3*150*150))) -> 5.3978997 | O53: =LOG10((((3*150*150)*B53)/H53)-((3*150*150))) -> 5.6886382 | P53: =10^(INTERCEPT(J53:O53,$J$1:$O$1)) -> 0.23328853 | Q53: =LINEST(J53:O53,$J$1:$O$1) -> 2.0445561 | R53: =ROUND(10^((SUM(J53:N53)-2*SUM($J$1:$N$1))/5),3) -> 0.302 | S53: =ROUND(-1.5*((150^2)/(R53*I53))/1000,0) -> -275 | T53: =-4*S53 -> 1100 | U53: =ROUND(150/(R53^0.5),0) -> 273 | V53: =ROUND(150*I53*ATAN((1800*SQRT(3*R53))/(3*150))*SQRT(3/(R53)),0) -> 252 | W53: =ROUND(1/SQRT(R53),3) -> 1.82 | Y53: =ROUND(B53-D53,3) -> 118.2 | Z53: =ROUND(D53-F53,3) -> 128.8 | AA53: =ROUND(F53-G53,3) -> 72.6 | AC53: =((B53)*3*150^2)/(R53*$AC$3^2+3*150^2) -> 405.9 | AD53: =((B53)*3*150^2)/(R53*$AD$3^2+3*150^2) -> 344.28562 | AE53: =((B53)*3*150^2)/(R53*$AE$3^2+3*150^2) -> 289.37738 | AF53: =((B53)*3*150^2)/(R53*$AF$3^2+3*150^2) -> 212.95908 | AG53: =((B53)*3*150^2)/(R53*$AG$3^2+3*150^2) -> 155.47753 | AH53: =((B53)*3*150^2)/(R53*$AH$3^2+3*150^2) -> 87.781142 | AI53: =((B53)*3*150^2)/(R53*$AI$3^2+3*150^2) -> 54.536904
A54: 728 | B54: 713.9 | C54: 615.8 | D54: 518.8 | E54: 391.1 | F54: 295.4 | G54: 162.5 | H54: 93.2 | I54: =B54/1000 -> 0.7139 | J54: =LOG10((((3*150*150)*B54)/C54)-((3*150*150))) -> 4.0315331 | K54: =LOG10((((3*150*150)*B54)/D54)-((3*150*150))) -> 4.4045611 | L54: =LOG10((((3*150*150)*B54)/E54)-((3*150*150))) -> 4.7459495 | M54: =LOG10((((3*150*150)*B54)/F54)-((3*150*150))) -> 4.9805887 | N54: =LOG10((((3*150*150)*B54)/G54)-((3*150*150))) -> 5.3599172 | O54: =LOG10((((3*150*150)*B54)/H54)-((3*150*150))) -> 5.6527696 | P54: =10^(INTERCEPT(J54:O54,$J$1:$O$1)) -> 0.19780645 | Q54: =LINEST(J54:O54,$J$1:$O$1) -> 2.0561474 | R54: =ROUND(10^((SUM(J54:N54)-2*SUM($J$1:$N$1))/5),3) -> 0.275 | S54: =ROUND(-1.5*((150^2)/(R54*I54))/1000,0) -> -172 | T54: =-4*S54 -> 688 | U54: =ROUND(150/(R54^0.5),0) -> 286 | V54: =ROUND(150*I54*ATAN((1800*SQRT(3*R54))/(3*150))*SQRT(3/(R54)),0) -> 461 | W54: =ROUND(1/SQRT(R54),3) -> 1.907 | Y54: =ROUND(B54-D54,3) -> 195.1 | Z54: =ROUND(D54-F54,3) -> 223.4 | AA54: =ROUND(F54-G54,3) -> 132.9 | AC54: =((B54)*3*150^2)/(R54*$AC$3^2+3*150^2) -> 713.9 | AD54: =((B54)*3*150^2)/(R54*$AD$3^2+3*150^2) -> 613.86306 | AE54: =((B54)*3*150^2)/(R54*$AE$3^2+3*150^2) -> 522.36585 | AF54: =((B54)*3*150^2)/(R54*$AF$3^2+3*150^2) -> 391.17808 | AG54: =((B54)*3*150^2)/(R54*$AG$3^2+3*150^2) -> 289.41892 | AH54: =((B54)*3*150^2)/(R54*$AH$3^2+3*150^2) -> 166.02326 | AI54: =((B54)*3*150^2)/(R54*$AI$3^2+3*150^2) -> 103.96602
A55: 708 | B55: 691 | C55: 596.5 | D55: 501.4 | E55: 379.6 | F55: 287.5 | G55: 158.1 | H55: 90.3 | I55: =B55/1000 -> 0.691 | J55: =LOG10((((3*150*150)*B55)/C55)-((3*150*150))) -> 4.0291251 | K55: =LOG10((((3*150*150)*B55)/D55)-((3*150*150))) -> 4.4069578 | L55: =LOG10((((3*150*150)*B55)/E55)-((3*150*150))) -> 4.7432962 | M55: =LOG10((((3*150*150)*B55)/F55)-((3*150*150))) -> 4.9765095 | N55: =LOG10((((3*150*150)*B55)/G55)-((3*150*150))) -> 5.3570176 | O55: =LOG10((((3*150*150)*B55)/H55)-((3*150*150))) -> 5.6522737 | P55: =10^(INTERCEPT(J55:O55,$J$1:$O$1)) -> 0.19883946 | Q55: =LINEST(J55:O55,$J$1:$O$1) -> 2.0546876 | R55: =ROUND(10^((SUM(J55:N55)-2*SUM($J$1:$N$1))/5),3) -> 0.274 | S55: =ROUND(-1.5*((150^2)/(R55*I55))/1000,0) -> -178 | T55: =-4*S55 -> 712 | U55: =ROUND(150/(R55^0.5),0) -> 287 | V55: =ROUND(150*I55*ATAN((1800*SQRT(3*R55))/(3*150))*SQRT(3/(R55)),0) -> 446 | W55: =ROUND(1/SQRT(R55),3) -> 1.91 | Y55: =ROUND(B55-D55,3) -> 189.6 | Z55: =ROUND(D55-F55,3) -> 213.9 | AA55: =ROUND(F55-G55,3) -> 129.4 | AC55: =((B55)*3*150^2)/(R55*$AC$3^2+3*150^2) -> 691 | AD55: =((B55)*3*150^2)/(R55*$AD$3^2+3*150^2) -> 594.47489 | AE55: =((B55)*3*150^2)/(R55*$AE$3^2+3*150^2) -> 506.10352 | AF55: =((B55)*3*150^2)/(R55*$AF$3^2+3*150^2) -> 379.25357 | AG55: =((B55)*3*150^2)/(R55*$AG$3^2+3*150^2) -> 280.74215 | AH55: =((B55)*3*150^2)/(R55*$AH$3^2+3*150^2) -> 161.14739 | AI55: =((B55)*3*150^2)/(R55*$AI$3^2+3*150^2) -> 100.94468
A56: 706 | B56: 686.2 | C56: 593.4 | D56: 499.3 | E56: 378.4 | F56: 287.1 | G56: 157.8 | H56: 90.6 | I56: =B56/1000 -> 0.6862 | J56: =LOG10((((3*150*150)*B56)/C56)-((3*150*150))) -> 4.0235042 | K56: =LOG10((((3*150*150)*B56)/D56)-((3*150*150))) -> 4.4025515 | L56: =LOG10((((3*150*150)*B56)/E56)-((3*150*150))) -> 4.7396213 | M56: =LOG10((((3*150*150)*B56)/F56)-((3*150*150))) -> 4.9723523 | N56: =LOG10((((3*150*150)*B56)/G56)-((3*150*150))) -> 5.3541596 | O56: =LOG10((((3*150*150)*B56)/H56)-((3*150*150))) -> 5.6471303 | P56: =10^(INTERCEPT(J56:O56,$J$1:$O$1)) -> 0.19520959 | Q56: =LINEST(J56:O56,$J$1:$O$1) -> 2.0560511 | R56: =ROUND(10^((SUM(J56:N56)-2*SUM($J$1:$N$1))/5),3) -> 0.271 | S56: =ROUND(-1.5*((150^2)/(R56*I56))/1000,0) -> -181 | T56: =-4*S56 -> 724 | U56: =ROUND(150/(R56^0.5),0) -> 288 | V56: =ROUND(150*I56*ATAN((1800*SQRT(3*R56))/(3*150))*SQRT(3/(R56)),0) -> 445 | W56: =ROUND(1/SQRT(R56),3) -> 1.921 | Y56: =ROUND(B56-D56,3) -> 186.9 | Z56: =ROUND(D56-F56,3) -> 212.2 | AA56: =ROUND(F56-G56,3) -> 129.3 | AC56: =((B56)*3*150^2)/(R56*$AC$3^2+3*150^2) -> 686.2 | AD56: =((B56)*3*150^2)/(R56*$AD$3^2+3*150^2) -> 591.24968 | AE56: =((B56)*3*150^2)/(R56*$AE$3^2+3*150^2) -> 504.06464 | AF56: =((B56)*3*150^2)/(R56*$AF$3^2+3*150^2) -> 378.48869 | AG56: =((B56)*3*150^2)/(R56*$AG$3^2+3*150^2) -> 280.61614 | AH56: =((B56)*3*150^2)/(R56*$AH$3^2+3*150^2) -> 161.38288 | AI56: =((B56)*3*150^2)/(R56*$AI$3^2+3*150^2) -> 101.18954
A57: 704 | B57: 682.4 | C57: 590.6 | D57: 496.6 | E57: 377.3 | F57: 286.5 | G57: 157 | H57: 90.2 | I57: =B57/1000 -> 0.6824 | J57: =LOG10((((3*150*150)*B57)/C57)-((3*150*150))) -> 4.020853 | K57: =LOG10((((3*150*150)*B57)/D57)-((3*150*150))) -> 4.4023428 | L57: =LOG10((((3*150*150)*B57)/E57)-((3*150*150))) -> 4.7370592 | M57: =LOG10((((3*150*150)*B57)/F57)-((3*150*150))) -> 4.9697646 | N57: =LOG10((((3*150*150)*B57)/G57)-((3*150*150))) -> 5.3538942 | O57: =LOG10((((3*150*150)*B57)/H57)-((3*150*150))) -> 5.6465656 | P57: =10^(INTERCEPT(J57:O57,$J$1:$O$1)) -> 0.19227029 | Q57: =LINEST(J57:O57,$J$1:$O$1) -> 2.0579408 | R57: =ROUND(10^((SUM(J57:N57)-2*SUM($J$1:$N$1))/5),3) -> 0.27 | S57: =ROUND(-1.5*((150^2)/(R57*I57))/1000,0) -> -183 | T57: =-4*S57 -> 732 | U57: =ROUND(150/(R57^0.5),0) -> 289 | V57: =ROUND(150*I57*ATAN((1800*SQRT(3*R57))/(3*150))*SQRT(3/(R57)),0) -> 444 | W57: =ROUND(1/SQRT(R57),3) -> 1.925 | Y57: =ROUND(B57-D57,3) -> 185.8 | Z57: =ROUND(D57-F57,3) -> 210.1 | AA57: =ROUND(F57-G57,3) -> 129.5 | AC57: =((B57)*3*150^2)/(R57*$AC$3^2+3*150^2) -> 682.4 | AD57: =((B57)*3*150^2)/(R57*$AD$3^2+3*150^2) -> 588.27586 | AE57: =((B57)*3*150^2)/(R57*$AE$3^2+3*150^2) -> 501.76471 | AF57: =((B57)*3*150^2)/(R57*$AF$3^2+3*150^2) -> 377.01657 | AG57: =((B57)*3*150^2)/(R57*$AG$3^2+3*150^2) -> 279.67213 | AH57: =((B57)*3*150^2)/(R57*$AH$3^2+3*150^2) -> 160.9434 | AI57: =((B57)*3*150^2)/(R57*$AI$3^2+3*150^2) -> 100.94675
A58: 1407 | B58: 1170.5 | C58: 1035.7 | D58: 875.2 | E58: 673 | F58: 519.4 | G58: 291.7 | H58: 168.4 | I58: =B58/1000 -> 1.1705 | J58: =LOG10((((3*150*150)*B58)/C58)-((3*150*150))) -> 3.9437597 | K58: =LOG10((((3*150*150)*B58)/D58)-((3*150*150))) -> 4.3574599 | L58: =LOG10((((3*150*150)*B58)/E58)-((3*150*150))) -> 4.6980818 | M58: =LOG10((((3*150*150)*B58)/F58)-((3*150*150))) -> 4.9274495 | N58: =LOG10((((3*150*150)*B58)/G58)-((3*150*150))) -> 5.3082574 | O58: =LOG10((((3*150*150)*B58)/H58)-((3*150*150))) -> 5.6038727 | P58: =10^(INTERCEPT(J58:O58,$J$1:$O$1)) -> 0.14089764 | Q58: =LINEST(J58:O58,$J$1:$O$1) -> 2.0898594 | R58: =ROUND(10^((SUM(J58:N58)-2*SUM($J$1:$N$1))/5),3) -> 0.241 | S58: =ROUND(-1.5*((150^2)/(R58*I58))/1000,0) -> -120 | T58: =-4*S58 -> 480 | U58: =ROUND(150/(R58^0.5),0) -> 306 | V58: =ROUND(150*I58*ATAN((1800*SQRT(3*R58))/(3*150))*SQRT(3/(R58)),0) -> 796 | W58: =ROUND(1/SQRT(R58),3) -> 2.037 | Y58: =ROUND(B58-D58,3) -> 295.3 | Z58: =ROUND(D58-F58,3) -> 355.8 | AA58: =ROUND(F58-G58,3) -> 227.7 | AC58: =((B58)*3*150^2)/(R58*$AC$3^2+3*150^2) -> 1170.5 | AD58: =((B58)*3*150^2)/(R58*$AD$3^2+3*150^2) -> 1024.2254 | AE58: =((B58)*3*150^2)/(R58*$AE$3^2+3*150^2) -> 885.84763 | AF58: =((B58)*3*150^2)/(R58*$AF$3^2+3*150^2) -> 679.33836 | AG58: =((B58)*3*150^2)/(R58*$AG$3^2+3*150^2) -> 512.17911 | AH58: =((B58)*3*150^2)/(R58*$AH$3^2+3*150^2) -> 300.74512 | AI58: =((B58)*3*150^2)/(R58*$AI$3^2+3*150^2) -> 190.59379
A59: 1409 | B59: 1176.8 | C59: 1043.5 | D59: 879.4 | E59: 679.8 | F59: 525.8 | G59: 297.9 | H59: 169.3 | I59: =B59/1000 -> 1.1768 | J59: =LOG10((((3*150*150)*B59)/C59)-((3*150*150))) -> 3.9356415 | K59: =LOG10((((3*150*150)*B59)/D59)-((3*150*150))) -> 4.3584583 | L59: =LOG10((((3*150*150)*B59)/E59)-((3*150*150))) -> 4.693279 | M59: =LOG10((((3*150*150)*B59)/F59)-((3*150*150))) -> 4.9220642 | N59: =LOG10((((3*150*150)*B59)/G59)-((3*150*150))) -> 5.2991727 | O59: =LOG10((((3*150*150)*B59)/H59)-((3*150*150))) -> 5.6038919 | P59: =10^(INTERCEPT(J59:O59,$J$1:$O$1)) -> 0.13804173 | Q59: =LINEST(J59:O59,$J$1:$O$1) -> 2.0915209 | R59: =ROUND(10^((SUM(J59:N59)-2*SUM($J$1:$N$1))/5),3) -> 0.238 | S59: =ROUND(-1.5*((150^2)/(R59*I59))/1000,0) -> -121 | T59: =-4*S59 -> 484 | U59: =ROUND(150/(R59^0.5),0) -> 307 | V59: =ROUND(150*I59*ATAN((1800*SQRT(3*R59))/(3*150))*SQRT(3/(R59)),0) -> 804 | W59: =ROUND(1/SQRT(R59),3) -> 2.05 | Y59: =ROUND(B59-D59,3) -> 297.4 | Z59: =ROUND(D59-F59,3) -> 353.6 | AA59: =ROUND(F59-G59,3) -> 227.9 | AC59: =((B59)*3*150^2)/(R59*$AC$3^2+3*150^2) -> 1176.8 | AD59: =((B59)*3*150^2)/(R59*$AD$3^2+3*150^2) -> 1031.3425 | AE59: =((B59)*3*150^2)/(R59*$AE$3^2+3*150^2) -> 893.31984 | AF59: =((B59)*3*150^2)/(R59*$AF$3^2+3*150^2) -> 686.5811 | AG59: =((B59)*3*150^2)/(R59*$AG$3^2+3*150^2) -> 518.56639 | AH59: =((B59)*3*150^2)/(R59*$AH$3^2+3*150^2) -> 305.18672 | AI59: =((B59)*3*150^2)/(R59*$AI$3^2+3*150^2) -> 193.63756
A60: 1405 | B60: 1166.4 | C60: 1037 | D60: 877 | E60: 679.9 | F60: 532.8 | G60: 285.6 | H60: 171.9 | I60: =B60/1000 -> 1.1664 | J60: =LOG10((((3*150*150)*B60)/C60)-((3*150*150))) -> 3.9254593 | K60: =LOG10((((3*150*150)*B60)/D60)-((3*150*150))) -> 4.3478027 | L60: =LOG10((((3*150*150)*B60)/E60)-((3*150*150))) -> 4.6839416 | M60: =LOG10((((3*150*150)*B60)/F60)-((3*150*150))) -> 4.9045547 | N60: =LOG10((((3*150*150)*B60)/G60)-((3*150*150))) -> 5.3184229 | O60: =LOG10((((3*150*150)*B60)/H60)-((3*150*150))) -> 5.5916327 | P60: =10^(INTERCEPT(J60:O60,$J$1:$O$1)) -> 0.12438288 | Q60: =LINEST(J60:O60,$J$1:$O$1) -> 2.1057304 | R60: =ROUND(10^((SUM(J60:N60)-2*SUM($J$1:$N$1))/5),3) -> 0.235 | S60: =ROUND(-1.5*((150^2)/(R60*I60))/1000,0) -> -123 | T60: =-4*S60 -> 492 | U60: =ROUND(150/(R60^0.5),0) -> 309 | V60: =ROUND(150*I60*ATAN((1800*SQRT(3*R60))/(3*150))*SQRT(3/(R60)),0) -> 801 | W60: =ROUND(1/SQRT(R60),3) -> 2.063 | Y60: =ROUND(B60-D60,3) -> 289.4 | Z60: =ROUND(D60-F60,3) -> 344.2 | AA60: =ROUND(F60-G60,3) -> 247.2 | AC60: =((B60)*3*150^2)/(R60*$AC$3^2+3*150^2) -> 1166.4 | AD60: =((B60)*3*150^2)/(R60*$AD$3^2+3*150^2) -> 1023.8231 | AE60: =((B60)*3*150^2)/(R60*$AE$3^2+3*150^2) -> 888.12183 | AF60: =((B60)*3*150^2)/(R60*$AF$3^2+3*150^2) -> 684.10557 | AG60: =((B60)*3*150^2)/(R60*$AG$3^2+3*150^2) -> 517.63314 | AH60: =((B60)*3*150^2)/(R60*$AH$3^2+3*150^2) -> 305.34031 | AI60: =((B60)*3*150^2)/(R60*$AI$3^2+3*150^2) -> 193.96896
A61: 1401 | B61: 1163.9 | C61: 1031.2 | D61: 869.2 | E61: 679.1 | F61: 536.9 | G61: 288.1 | H61: 178.9 | I61: =B61/1000 -> 1.1639 | J61: =LOG10((((3*150*150)*B61)/C61)-((3*150*150))) -> 3.9388318 | K61: =LOG10((((3*150*150)*B61)/D61)-((3*150*150))) -> 4.3595642 | L61: =LOG10((((3*150*150)*B61)/E61)-((3*150*150))) -> 4.6829327 | M61: =LOG10((((3*150*150)*B61)/F61)-((3*150*150))) -> 4.8966779 | N61: =LOG10((((3*150*150)*B61)/G61)-((3*150*150))) -> 5.3121655 | O61: =LOG10((((3*150*150)*B61)/H61)-((3*150*150))) -> 5.5701297 | P61: =10^(INTERCEPT(J61:O61,$J$1:$O$1)) -> 0.16166605 | Q61: =LINEST(J61:O61,$J$1:$O$1) -> 2.0629634 | R61: =ROUND(10^((SUM(J61:N61)-2*SUM($J$1:$N$1))/5),3) -> 0.236 | S61: =ROUND(-1.5*((150^2)/(R61*I61))/1000,0) -> -123 | T61: =-4*S61 -> 492 | U61: =ROUND(150/(R61^0.5),0) -> 309 | V61: =ROUND(150*I61*ATAN((1800*SQRT(3*R61))/(3*150))*SQRT(3/(R61)),0) -> 798 | W61: =ROUND(1/SQRT(R61),3) -> 2.058 | Y61: =ROUND(B61-D61,3) -> 294.7 | Z61: =ROUND(D61-F61,3) -> 332.3 | AA61: =ROUND(F61-G61,3) -> 248.8 | AC61: =((B61)*3*150^2)/(R61*$AC$3^2+3*150^2) -> 1163.9 | AD61: =((B61)*3*150^2)/(R61*$AD$3^2+3*150^2) -> 1021.0976 | AE61: =((B61)*3*150^2)/(R61*$AE$3^2+3*150^2) -> 885.31947 | AF61: =((B61)*3*150^2)/(R61*$AF$3^2+3*150^2) -> 681.44028 | AG61: =((B61)*3*150^2)/(R61*$AG$3^2+3*150^2) -> 515.30401 | AH61: =((B61)*3*150^2)/(R61*$AH$3^2+3*150^2) -> 303.73173 | AI61: =((B61)*3*150^2)/(R61*$AI$3^2+3*150^2) -> 192.86898
A62: =AVERAGE(A50:A53) -> 387.5 | B62: =AVERAGE(B50:B53) -> 422.025 | C62: =AVERAGE(C50:C53) -> 358.6 | D62: =AVERAGE(D50:D53) -> 299.225 | E62: =AVERAGE(E50:E53) -> 220.175 | F62: =AVERAGE(F50:F53) -> 163.15 | G62: =AVERAGE(G50:G53) -> 87.6 | H62: =AVERAGE(H50:H53) -> 48.9 | ... W62: =AVERAGE(W50:W53) -> 1.81025 | X62: =SLOPE(W62:W64,A62:A64) -> 0.00023096475 | Y62: =AVERAGE(Y50:Y53) -> 122.8 | Z62: =AVERAGE(Z50:Z53) -> 136.075 | AA62: =AVERAGE(AA50:AA53) -> 75.55 | AC62: =AVERAGE(AC50:AC53) -> 422.025 | AD62: =AVERAGE(AD50:AD53) -> 357.37009 | AE62: =AVERAGE(AE50:AE53) -> 299.93327 | AF62: =AVERAGE(AF50:AF53) -> 220.27742 | AG62: =AVERAGE(AG50:AG53) -> 160.57482 | AH62: =AVERAGE(AH50:AH53) -> 90.496525 | AI62: =AVERAGE(AI50:AI53) -> 56.174558
A63: =AVERAGE(A54:A57) -> 711.5 | B63: =AVERAGE(B54:B57) -> 693.375 | C63: =AVERAGE(C54:C57) -> 599.075 | D63: =AVERAGE(D54:D57) -> 504.025 | E63: =AVERAGE(E54:E57) -> 381.6 | F63: =AVERAGE(F54:F57) -> 289.125 | G63: =AVERAGE(G54:G57) -> 158.85 | H63: =AVERAGE(H54:H57) -> 91.075 | ... W63: =AVERAGE(W54:W57) -> 1.91575 | Y63: =AVERAGE(Y54:Y57) -> 189.35 | Z63: =AVERAGE(Z54:Z57) -> 214.9 | AA63: =AVERAGE(AA54:AA57) -> 130.275 | AB63: =AC63/AC62 -> 1.6429714 | AC63: =AVERAGE(AC54:AC57) -> 693.375 | AD63: =AVERAGE(AD54:AD57) -> 596.96587 | AE63: =AVERAGE(AE54:AE57) -> 508.57468 | AF63: =AVERAGE(AF54:AF57) -> 381.48423 | AG63: =AVERAGE(AG54:AG57) -> 282.61233 | AH63: =AVERAGE(AH54:AH57) -> 162.37423 | AI63: =AVERAGE(AI54:AI57) -> 101.76175 | AJ63: =AI63/AI62 -> 1.8115273
A64: =AVERAGE(A58:A61) -> 1405.5 | B64: =AVERAGE(B58:B61) -> 1169.4 | C64: =AVERAGE(C58:C61) -> 1036.85 | D64: =AVERAGE(D58:D61) -> 875.2 | E64: =AVERAGE(E58:E61) -> 677.95 | F64: =AVERAGE(F58:F61) -> 528.725 | G64: =AVERAGE(G58:G61) -> 290.825 | H64: =AVERAGE(H58:H61) -> 172.125 | ... W64: =AVERAGE(W58:W61) -> 2.052 | Y64: =AVERAGE(Y58:Y61) -> 294.2 | Z64: =AVERAGE(Z58:Z61) -> 346.475 | AA64: =AVERAGE(AA58:AA61) -> 237.9 | AB64: =AC64/AC62 -> 2.7709259 | AC64: =AVERAGE(AC58:AC61) -> 1169.4 | AD64: =AVERAGE(AD58:AD61) -> 1025.1222 | AE64: =AVERAGE(AE58:AE61) -> 888.15219 | AF64: =AVERAGE(AF58:AF61) -> 682.86633 | AG64: =AVERAGE(AG58:AG61) -> 515.92066 | AH64: =AVERAGE(AH58:AH61) -> 303.75097 | AI64: =AVERAGE(AI58:AI61) -> 192.76732 | AJ64: =AI64/AI62 -> 3.431577
A65: 366 | B65: 471.7 | C65: 389.2 | D65: 318.7 | E65: 223.9 | F65: 164.7 | G65: 86.3 | H65: 44.7 | I65: =B65/1000 -> 0.4717 | J65: =LOG10((((3*150*150)*B65)/C65)-((3*150*150))) -> 4.1555849 | K65: =LOG10((((3*150*150)*B65)/D65)-((3*150*150))) -> 4.5106131 | L65: =LOG10((((3*150*150)*B65)/E65)-((3*150*150))) -> 4.873351 | M65: =LOG10((((3*150*150)*B65)/F65)-((3*150*150))) -> 5.0997485 | N65: =LOG10((((3*150*150)*B65)/G65)-((3*150*150))) -> 5.4792047 | O65: =LOG10((((3*150*150)*B65)/H65)-((3*150*150))) -> 5.8094241 | P65: =10^(INTERCEPT(J65:O65,$J$1:$O$1)) -> 0.21328457 | Q65: =LINEST(J65:O65,$J$1:$O$1) -> 2.0903957 | R65: =ROUND(10^((SUM(J65:N65)-2*SUM($J$1:$N$1))/5),3) -> 0.362 | S65: =ROUND(-1.5*((150^2)/(R65*I65))/1000,0) -> -198 | T65: =-4*S65 -> 792 | U65: =ROUND(150/(R65^0.5),0) -> 249 | V65: =ROUND(150*I65*ATAN((1800*SQRT(3*R65))/(3*150))*SQRT(3/(R65)),0) -> 272 | W65: =ROUND(1/SQRT(R65),3) -> 1.662 | Y65: =ROUND(B65-D65,3) -> 153 | Z65: =ROUND(D65-F65,3) -> 154 | AA65: =ROUND(F65-G65,3) -> 78.4 | AC65: =((B65)*3*150^2)/(R65*$AC$3^2+3*150^2) -> 471.7 | AD65: =((B65)*3*150^2)/(R65*$AD$3^2+3*150^2) -> 388.38436 | AE65: =((B65)*3*150^2)/(R65*$AE$3^2+3*150^2) -> 318.14299 | AF65: =((B65)*3*150^2)/(R65*$AF$3^2+3*150^2) -> 226.12656 | AG65: =((B65)*3*150^2)/(R65*$AG$3^2+3*150^2) -> 160.95314 | AH65: =((B65)*3*150^2)/(R65*$AH$3^2+3*150^2) -> 88.267216 | AI65: =((B65)*3*150^2)/(R65*$AI$3^2+3*150^2) -> 54.077499
A66: 376 | B66: 426.1 | C66: 350.9 | D66: 288.9 | E66: 206 | F66: 154.2 | G66: 84 | H66: 46 | I66: =B66/1000 -> 0.4261 | J66: =LOG10((((3*150*150)*B66)/C66)-((3*150*150))) -> 4.1603382 | K66: =LOG10((((3*150*150)*B66)/D66)-((3*150*150))) -> 4.5059103 | L66: =LOG10((((3*150*150)*B66)/E66)-((3*150*150))) -> 4.8580566 | M66: =LOG10((((3*150*150)*B66)/F66)-((3*150*150))) -> 5.0756286 | N66: =LOG10((((3*150*150)*B66)/G66)-((3*150*150))) -> 5.4391776 | O66: =LOG10((((3*150*150)*B66)/H66)-((3*150*150))) -> 5.7464438 | P66: =10^(INTERCEPT(J66:O66,$J$1:$O$1)) -> 0.33759526 | Q66: =LINEST(J66:O66,$J$1:$O$1) -> 2.0079604 | R66: =ROUND(10^((SUM(J66:N66)-2*SUM($J$1:$N$1))/5),3) -> 0.349 | S66: =ROUND(-1.5*((150^2)/(R66*I66))/1000,0) -> -227 | T66: =-4*S66 -> 908 | U66: =ROUND(150/(R66^0.5),0) -> 254 | V66: =ROUND(150*I66*ATAN((1800*SQRT(3*R66))/(3*150))*SQRT(3/(R66)),0) -> 249 | W66: =ROUND(1/SQRT(R66),3) -> 1.693 | Y66: =ROUND(B66-D66,3) -> 137.2 | Z66: =ROUND(D66-F66,3) -> 134.7 | AA66: =ROUND(F66-G66,3) -> 70.2 | AC66: =((B66)*3*150^2)/(R66*$AC$3^2+3*150^2) -> 426.1 | AD66: =((B66)*3*150^2)/(R66*$AD$3^2+3*150^2) -> 353.0782 | AE66: =((B66)*3*150^2)/(R66*$AE$3^2+3*150^2) -> 290.78708 | AF66: =((B66)*3*150^2)/(R66*$AF$3^2+3*150^2) -> 208.15828 | AG66: =((B66)*3*150^2)/(R66*$AG$3^2+3*150^2) -> 148.91659 | AH66: =((B66)*3*150^2)/(R66*$AH$3^2+3*150^2) -> 82.131843 | AI66: =((B66)*3*150^2)/(R66*$AI$3^2+3*150^2) -> 50.4539
A67: 374 | B67: 410.6 | C67: 340.5 | D67: 281.1 | E67: 202 | F67: 151.9 | G67: 84.2 | H67: 46.3 | I67: =B67/1000 -> 0.4106 | J67: =LOG10((((3*150*150)*B67)/C67)-((3*150*150))) -> 4.1429047 | K67: =LOG10((((3*150*150)*B67)/D67)-((3*150*150))) -> 4.4927127 | L67: =LOG10((((3*150*150)*B67)/E67)-((3*150*150))) -> 4.8432667 | M67: =LOG10((((3*150*150)*B67)/F67)-((3*150*150))) -> 5.0605424 | N67: =LOG10((((3*150*150)*B67)/G67)-((3*150*150))) -> 5.4177418 | O67: =LOG10((((3*150*150)*B67)/H67)-((3*150*150))) -> 5.725182 | P67: =10^(INTERCEPT(J67:O67,$J$1:$O$1)) -> 0.34088431 | Q67: =LINEST(J67:O67,$J$1:$O$1) -> 2.0000511 | R67: =ROUND(10^((SUM(J67:N67)-2*SUM($J$1:$N$1))/5),3) -> 0.336 | S67: =ROUND(-1.5*((150^2)/(R67*I67))/1000,0) -> -245 | T67: =-4*S67 -> 980 | U67: =ROUND(150/(R67^0.5),0) -> 259 | V67: =ROUND(150*I67*ATAN((1800*SQRT(3*R67))/(3*150))*SQRT(3/(R67)),0) -> 244 | W67: =ROUND(1/SQRT(R67),3) -> 1.725 | Y67: =ROUND(B67-D67,3) -> 129.5 | Z67: =ROUND(D67-F67,3) -> 129.2 | AA67: =ROUND(F67-G67,3) -> 67.7 | AC67: =((B67)*3*150^2)/(R67*$AC$3^2+3*150^2) -> 410.6 | AD67: =((B67)*3*150^2)/(R67*$AD$3^2+3*150^2) -> 342.42031 | AE67: =((B67)*3*150^2)/(R67*$AE$3^2+3*150^2) -> 283.56354 | AF67: =((B67)*3*150^2)/(R67*$AF$3^2+3*150^2) -> 204.48207 | AG67: =((B67)*3*150^2)/(R67*$AG$3^2+3*150^2) -> 147.06304 | AH67: =((B67)*3*150^2)/(R67*$AH$3^2+3*150^2) -> 81.597774 | AI67: =((B67)*3*150^2)/(R67*$AI$3^2+3*150^2) -> 50.269344
A68: 375 | B68: 405.6 | C68: 336.7 | D68: 279.1 | E68: 201.5 | F68: 151.9 | G68: 84.5 | H68: 47 | I68: =B68/1000 -> 0.4056 | J68: =LOG10((((3*150*150)*B68)/C68)-((3*150*150))) -> 4.1402799 | K68: =LOG10((((3*150*150)*B68)/D68)-((3*150*150))) -> 4.4856345 | L68: =LOG10((((3*150*150)*B68)/E68)-((3*150*150))) -> 4.8348717 | M68: =LOG10((((3*150*150)*B68)/F68)-((3*150*150))) -> 5.0520665 | N68: =LOG10((((3*150*150)*B68)/G68)-((3*150*150))) -> 5.4090874 | O68: =LOG10((((3*150*150)*B68)/H68)-((3*150*150))) -> 5.7118162 | P68: =10^(INTERCEPT(J68:O68,$J$1:$O$1)) -> 0.35774296 | Q68: =LINEST(J68:O68,$J$1:$O$1) -> 1.9893155 | R68: =ROUND(10^((SUM(J68:N68)-2*SUM($J$1:$N$1))/5),3) -> 0.33 | S68: =ROUND(-1.5*((150^2)/(R68*I68))/1000,0) -> -252 | T68: =-4*S68 -> 1008 | U68: =ROUND(150/(R68^0.5),0) -> 261 | V68: =ROUND(150*I68*ATAN((1800*SQRT(3*R68))/(3*150))*SQRT(3/(R68)),0) -> 243 | W68: =ROUND(1/SQRT(R68),3) -> 1.741 | Y68: =ROUND(B68-D68,3) -> 126.5 | Z68: =ROUND(D68-F68,3) -> 127.2 | AA68: =ROUND(F68-G68,3) -> 67.4 | AC68: =((B68)*3*150^2)/(R68*$AC$3^2+3*150^2) -> 405.6 | AD68: =((B68)*3*150^2)/(R68*$AD$3^2+3*150^2) -> 339.25651 | AE68: =((B68)*3*150^2)/(R68*$AE$3^2+3*150^2) -> 281.66667 | AF68: =((B68)*3*150^2)/(R68*$AF$3^2+3*150^2) -> 203.8191 | AG68: =((B68)*3*150^2)/(R68*$AG$3^2+3*150^2) -> 146.95652 | AH68: =((B68)*3*150^2)/(R68*$AH$3^2+3*150^2) -> 81.774194 | AI68: =((B68)*3*150^2)/(R68*$AI$3^2+3*150^2) -> 50.447761
A69: 720 | B69: 732.9 | C69: 616.8 | D69: 518.4 | E69: 383.5 | F69: 291.8 | G69: 164.7 | H69: 90.6 | I69: =B69/1000 -> 0.7329 | J69: =LOG10((((3*150*150)*B69)/C69)-((3*150*150))) -> 4.1039916 | K69: =LOG10((((3*150*150)*B69)/D69)-((3*150*150))) -> 4.4460661 | L69: =LOG10((((3*150*150)*B69)/E69)-((3*150*150))) -> 4.7888613 | M69: =LOG10((((3*150*150)*B69)/F69)-((3*150*150))) -> 5.0087555 | N69: =LOG10((((3*150*150)*B69)/G69)-((3*150*150))) -> 5.3671114 | O69: =LOG10((((3*150*150)*B69)/H69)-((3*150*150))) -> 5.6799135 | P69: =10^(INTERCEPT(J69:O69,$J$1:$O$1)) -> 0.32160322 | Q69: =LINEST(J69:O69,$J$1:$O$1) -> 1.9916825 | R69: =ROUND(10^((SUM(J69:N69)-2*SUM($J$1:$N$1))/5),3) -> 0.3 | S69: =ROUND(-1.5*((150^2)/(R69*I69))/1000,0) -> -153 | T69: =-4*S69 -> 612 | U69: =ROUND(150/(R69^0.5),0) -> 274 | V69: =ROUND(150*I69*ATAN((1800*SQRT(3*R69))/(3*150))*SQRT(3/(R69)),0) -> 457 | W69: =ROUND(1/SQRT(R69),3) -> 1.826 | Y69: =ROUND(B69-D69,3) -> 214.5 | Z69: =ROUND(D69-F69,3) -> 226.6 | AA69: =ROUND(F69-G69,3) -> 127.1 | AC69: =((B69)*3*150^2)/(R69*$AC$3^2+3*150^2) -> 732.9 | AD69: =((B69)*3*150^2)/(R69*$AD$3^2+3*150^2) -> 622.27358 | AE69: =((B69)*3*150^2)/(R69*$AE$3^2+3*150^2) -> 523.5 | AF69: =((B69)*3*150^2)/(R69*$AF$3^2+3*150^2) -> 385.73684 | AG69: =((B69)*3*150^2)/(R69*$AG$3^2+3*150^2) -> 281.88462 | AH69: =((B69)*3*150^2)/(R69*$AH$3^2+3*150^2) -> 159.32609 | AI69: =((B69)*3*150^2)/(R69*$AI$3^2+3*150^2) -> 99.040541
A70: 706 | B70: 706.6 | C70: 597.5 | D70: 503.7 | E70: 374.9 | F70: 286.5 | G70: 163.6 | H70: 92.1 | I70: =B70/1000 -> 0.7066 | J70: =LOG10((((3*150*150)*B70)/C70)-((3*150*150))) -> 4.0907906 | K70: =LOG10((((3*150*150)*B70)/D70)-((3*150*150))) -> 4.4344139 | L70: =LOG10((((3*150*150)*B70)/E70)-((3*150*150))) -> 4.7761338 | M70: =LOG10((((3*150*150)*B70)/F70)-((3*150*150))) -> 4.9955318 | N70: =LOG10((((3*150*150)*B70)/G70)-((3*150*150))) -> 5.3503203 | O70: =LOG10((((3*150*150)*B70)/H70)-((3*150*150))) -> 5.653566 | P70: =10^(INTERCEPT(J70:O70,$J$1:$O$1)) -> 0.3395357 | Q70: =LINEST(J70:O70,$J$1:$O$1) -> 1.9771942 | R70: =ROUND(10^((SUM(J70:N70)-2*SUM($J$1:$N$1))/5),3) -> 0.291 | S70: =ROUND(-1.5*((150^2)/(R70*I70))/1000,0) -> -164 | T70: =-4*S70 -> 656 | U70: =ROUND(150/(R70^0.5),0) -> 278 | V70: =ROUND(150*I70*ATAN((1800*SQRT(3*R70))/(3*150))*SQRT(3/(R70)),0) -> 446 | W70: =ROUND(1/SQRT(R70),3) -> 1.854 | Y70: =ROUND(B70-D70,3) -> 202.9 | Z70: =ROUND(D70-F70,3) -> 217.2 | AA70: =ROUND(F70-G70,3) -> 122.9 | AC70: =((B70)*3*150^2)/(R70*$AC$3^2+3*150^2) -> 706.6 | AD70: =((B70)*3*150^2)/(R70*$AD$3^2+3*150^2) -> 602.67248 | AE70: =((B70)*3*150^2)/(R70*$AE$3^2+3*150^2) -> 509.07781 | AF70: =((B70)*3*150^2)/(R70*$AF$3^2+3*150^2) -> 377.25574 | AG70: =((B70)*3*150^2)/(R70*$AG$3^2+3*150^2) -> 276.88088 | AH70: =((B70)*3*150^2)/(R70*$AH$3^2+3*150^2) -> 157.30187 | AI70: =((B70)*3*150^2)/(R70*$AI$3^2+3*150^2) -> 98.029967
A71: 705 | B71: 701 | C71: 594.2 | D71: 501.8 | E71: 373.9 | F71: 286.6 | G71: 163.5 | H71: 92.4 | I71: =B71/1000 -> 0.701 | J71: =LOG10((((3*150*150)*B71)/C71)-((3*150*150))) -> 4.0839424 | K71: =LOG10((((3*150*150)*B71)/D71)-((3*150*150))) -> 4.4280624 | L71: =LOG10((((3*150*150)*B71)/E71)-((3*150*150))) -> 4.7712289 | M71: =LOG10((((3*150*150)*B71)/F71)-((3*150*150))) -> 4.9894473 | N71: =LOG10((((3*150*150)*B71)/G71)-((3*150*150))) -> 5.3461645 | O71: =LOG10((((3*150*150)*B71)/H71)-((3*150*150))) -> 5.6479637 | P71: =10^(INTERCEPT(J71:O71,$J$1:$O$1)) -> 0.33043918 | Q71: =LINEST(J71:O71,$J$1:$O$1) -> 1.9794608 | R71: =ROUND(10^((SUM(J71:N71)-2*SUM($J$1:$N$1))/5),3) -> 0.287 | S71: =ROUND(-1.5*((150^2)/(R71*I71))/1000,0) -> -168 | T71: =-4*S71 -> 672 | U71: =ROUND(150/(R71^0.5),0) -> 280 | V71: =ROUND(150*I71*ATAN((1800*SQRT(3*R71))/(3*150))*SQRT(3/(R71)),0) -> 445 | W71: =ROUND(1/SQRT(R71),3) -> 1.867 | Y71: =ROUND(B71-D71,3) -> 199.2 | Z71: =ROUND(D71-F71,3) -> 215.2 | AA71: =ROUND(F71-G71,3) -> 123.1 | AC71: =((B71)*3*150^2)/(R71*$AC$3^2+3*150^2) -> 701 | AD71: =((B71)*3*150^2)/(R71*$AD$3^2+3*150^2) -> 599.10737 | AE71: =((B71)*3*150^2)/(R71*$AE$3^2+3*150^2) -> 506.99132 | AF71: =((B71)*3*150^2)/(R71*$AF$3^2+3*150^2) -> 376.6792 | AG71: =((B71)*3*150^2)/(R71*$AG$3^2+3*150^2) -> 277.00211 | AH71: =((B71)*3*150^2)/(R71*$AH$3^2+3*150^2) -> 157.74077 | AI71: =((B71)*3*150^2)/(R71*$AI$3^2+3*150^2) -> 98.418195
A72: 706 | B72: 698.2 | C72: 593.4 | D72: 501.7 | E72: 374.9 | F72: 287.3 | G72: 164.3 | H72: 93.2 | I72: =B72/1000 -> 0.6982 | J72: =LOG10((((3*150*150)*B72)/C72)-((3*150*150))) -> 4.0763175 | K72: =LOG10((((3*150*150)*B72)/D72)-((3*150*150))) -> 4.4222222 | L72: =LOG10((((3*150*150)*B72)/E72)-((3*150*150))) -> 4.764994 | M72: =LOG10((((3*150*150)*B72)/F72)-((3*150*150))) -> 4.9847043 | N72: =LOG10((((3*150*150)*B72)/G72)-((3*150*150))) -> 5.3411261 | O72: =LOG10((((3*150*150)*B72)/H72)-((3*150*150))) -> 5.6416432 | P72: =10^(INTERCEPT(J72:O72,$J$1:$O$1)) -> 0.32192554 | Q72: =LINEST(J72:O72,$J$1:$O$1) -> 1.9814441 | R72: =ROUND(10^((SUM(J72:N72)-2*SUM($J$1:$N$1))/5),3) -> 0.283 | S72: =ROUND(-1.5*((150^2)/(R72*I72))/1000,0) -> -171 | T72: =-4*S72 -> 684 | U72: =ROUND(150/(R72^0.5),0) -> 282 | V72: =ROUND(150*I72*ATAN((1800*SQRT(3*R72))/(3*150))*SQRT(3/(R72)),0) -> 445 | W72: =ROUND(1/SQRT(R72),3) -> 1.88 | Y72: =ROUND(B72-D72,3) -> 196.5 | Z72: =ROUND(D72-F72,3) -> 214.4 | AA72: =ROUND(F72-G72,3) -> 123 | AC72: =((B72)*3*150^2)/(R72*$AC$3^2+3*150^2) -> 698.2 | AD72: =((B72)*3*150^2)/(R72*$AD$3^2+3*150^2) -> 597.92565 | AE72: =((B72)*3*150^2)/(R72*$AE$3^2+3*150^2) -> 506.92159 | AF72: =((B72)*3*150^2)/(R72*$AF$3^2+3*150^2) -> 377.60952 | AG72: =((B72)*3*150^2)/(R72*$AG$3^2+3*150^2) -> 278.24123 | AH72: =((B72)*3*150^2)/(R72*$AH$3^2+3*150^2) -> 158.82621 | AI72: =((B72)*3*150^2)/(R72*$AI$3^2+3*150^2) -> 99.213717
A73: 1384 | B73: 1190.8 | C73: 1019.7 | D73: 868.1 | E73: 661.4 | F73: 515.6 | G73: 299.4 | H73: 171.8 | I73: =B73/1000 -> 1.1908 | J73: =LOG10((((3*150*150)*B73)/C73)-((3*150*150))) -> 4.0540814 | K73: =LOG10((((3*150*150)*B73)/D73)-((3*150*150))) -> 4.399533 | L73: =LOG10((((3*150*150)*B73)/E73)-((3*150*150))) -> 4.7326235 | M73: =LOG10((((3*150*150)*B73)/F73)-((3*150*150))) -> 4.9464233 | N73: =LOG10((((3*150*150)*B73)/G73)-((3*150*150))) -> 5.3031246 | O73: =LOG10((((3*150*150)*B73)/H73)-((3*150*150))) -> 5.6024548 | P73: =10^(INTERCEPT(J73:O73,$J$1:$O$1)) -> 0.34968801 | Q73: =LINEST(J73:O73,$J$1:$O$1) -> 1.9563058 | R73: =ROUND(10^((SUM(J73:N73)-2*SUM($J$1:$N$1))/5),3) -> 0.264 | S73: =ROUND(-1.5*((150^2)/(R73*I73))/1000,0) -> -107 | T73: =-4*S73 -> 428 | U73: =ROUND(150/(R73^0.5),0) -> 292 | V73: =ROUND(150*I73*ATAN((1800*SQRT(3*R73))/(3*150))*SQRT(3/(R73)),0) -> 781 | W73: =ROUND(1/SQRT(R73),3) -> 1.946 | Y73: =ROUND(B73-D73,3) -> 322.7 | Z73: =ROUND(D73-F73,3) -> 352.5 | AA73: =ROUND(F73-G73,3) -> 216.2 | AC73: =((B73)*3*150^2)/(R73*$AC$3^2+3*150^2) -> 1190.8 | AD73: =((B73)*3*150^2)/(R73*$AD$3^2+3*150^2) -> 1029.7079 | AE73: =((B73)*3*150^2)/(R73*$AE$3^2+3*150^2) -> 880.76923 | AF73: =((B73)*3*150^2)/(R73*$AF$3^2+3*150^2) -> 664.50893 | AG73: =((B73)*3*150^2)/(R73*$AG$3^2+3*150^2) -> 494.51827 | AH73: =((B73)*3*150^2)/(R73*$AH$3^2+3*150^2) -> 285.70058 | AI73: =((B73)*3*150^2)/(R73*$AI$3^2+3*150^2) -> 179.55368
A74: 1390 | B74: 1206.1 | C74: 1024.9 | D74: 874.1 | E74: 667.3 | F74: 523.8 | G74: 303 | H74: 177 | I74: =B74/1000 -> 1.2061 | J74: =LOG10((((3*150*150)*B74)/C74)-((3*150*150))) -> 4.0767805 | K74: =LOG10((((3*150*150)*B74)/D74)-((3*150*150))) -> 4.4088807 | L74: =LOG10((((3*150*150)*B74)/E74)-((3*150*150))) -> 4.7364102 | M74: =LOG10((((3*150*150)*B74)/F74)-((3*150*150))) -> 4.9441137 | N74: =LOG10((((3*150*150)*B74)/G74)-((3*150*150))) -> 5.303597 | O74: =LOG10((((3*150*150)*B74)/H74)-((3*150*150))) -> 5.5937881 | P74: =10^(INTERCEPT(J74:O74,$J$1:$O$1)) -> 0.43893752 | Q74: =LINEST(J74:O74,$J$1:$O$1) -> 1.9213982 | R74: =ROUND(10^((SUM(J74:N74)-2*SUM($J$1:$N$1))/5),3) -> 0.268 | S74: =ROUND(-1.5*((150^2)/(R74*I74))/1000,0) -> -104 | T74: =-4*S74 -> 416 | U74: =ROUND(150/(R74^0.5),0) -> 290 | V74: =ROUND(150*I74*ATAN((1800*SQRT(3*R74))/(3*150))*SQRT(3/(R74)),0) -> 786 | W74: =ROUND(1/SQRT(R74),3) -> 1.932 | Y74: =ROUND(B74-D74,3) -> 332 | Z74: =ROUND(D74-F74,3) -> 350.3 | AA74: =ROUND(F74-G74,3) -> 220.8 | AC74: =((B74)*3*150^2)/(R74*$AC$3^2+3*150^2) -> 1206.1 | AD74: =((B74)*3*150^2)/(R74*$AD$3^2+3*150^2) -> 1040.8048 | AE74: =((B74)*3*150^2)/(R74*$AE$3^2+3*150^2) -> 888.58055 | AF74: =((B74)*3*150^2)/(R74*$AF$3^2+3*150^2) -> 668.56984 | AG74: =((B74)*3*150^2)/(R74*$AG$3^2+3*150^2) -> 496.47366 | AH74: =((B74)*3*150^2)/(R74*$AH$3^2+3*150^2) -> 286.07685 | AI74: =((B74)*3*150^2)/(R74*$AI$3^2+3*150^2) -> 179.55042
A75: 1391 | B75: 1215.3 | C75: 1025.8 | D75: 875.9 | E75: 671.4 | F75: 526.1 | G75: 306.2 | H75: 181.3 | I75: =B75/1000 -> 1.2153 | J75: =LOG10((((3*150*150)*B75)/C75)-((3*150*150))) -> 4.0958503 | K75: =LOG10((((3*150*150)*B75)/D75)-((3*150*150))) -> 4.4175611 | L75: =LOG10((((3*150*150)*B75)/E75)-((3*150*150))) -> 4.7378415 | M75: =LOG10((((3*150*150)*B75)/F75)-((3*150*150))) -> 4.9465807 | N75: =LOG10((((3*150*150)*B75)/G75)-((3*150*150))) -> 5.3019102 | O75: =LOG10((((3*150*150)*B75)/H75)-((3*150*150))) -> 5.5854265 | P75: =10^(INTERCEPT(J75:O75,$J$1:$O$1)) -> 0.53684455 | Q75: =LINEST(J75:O75,$J$1:$O$1) -> 1.8904263 | R75: =ROUND(10^((SUM(J75:N75)-2*SUM($J$1:$N$1))/5),3) -> 0.272 | S75: =ROUND(-1.5*((150^2)/(R75*I75))/1000,0) -> -102 | T75: =-4*S75 -> 408 | U75: =ROUND(150/(R75^0.5),0) -> 288 | V75: =ROUND(150*I75*ATAN((1800*SQRT(3*R75))/(3*150))*SQRT(3/(R75)),0) -> 788 | W75: =ROUND(1/SQRT(R75),3) -> 1.917 | Y75: =ROUND(B75-D75,3) -> 339.4 | Z75: =ROUND(D75-F75,3) -> 349.8 | AA75: =ROUND(F75-G75,3) -> 219.9 | AC75: =((B75)*3*150^2)/(R75*$AC$3^2+3*150^2) -> 1215.3 | AD75: =((B75)*3*150^2)/(R75*$AD$3^2+3*150^2) -> 1046.6031 | AE75: =((B75)*3*150^2)/(R75*$AE$3^2+3*150^2) -> 891.85421 | AF75: =((B75)*3*150^2)/(R75*$AF$3^2+3*150^2) -> 669.21806 | AG75: =((B75)*3*150^2)/(R75*$AG$3^2+3*150^2) -> 495.90588 | AH75: =((B75)*3*150^2)/(R75*$AH$3^2+3*150^2) -> 285.01407 | AI75: =((B75)*3*150^2)/(R75*$AI$3^2+3*150^2) -> 178.65053
A76: 1388 | B76: 1198.1 | C76: 1026.4 | D76: 875.7 | E76: 672.8 | F76: 526.3 | G76: 307.1 | H76: 181.6 | I76: =B76/1000 -> 1.1981 | J76: =LOG10((((3*150*150)*B76)/C76)-((3*150*150))) -> 4.0527574 | K76: =LOG10((((3*150*150)*B76)/D76)-((3*150*150))) -> 4.3953435 | L76: =LOG10((((3*150*150)*B76)/E76)-((3*150*150))) -> 4.7218252 | M76: =LOG10((((3*150*150)*B76)/F76)-((3*150*150))) -> 4.9353104 | N76: =LOG10((((3*150*150)*B76)/G76)-((3*150*150))) -> 5.2919017 | O76: =LOG10((((3*150*150)*B76)/H76)-((3*150*150))) -> 5.5772953 | P76: =10^(INTERCEPT(J76:O76,$J$1:$O$1)) -> 0.39998152 | Q76: =LINEST(J76:O76,$J$1:$O$1) -> 1.9308202 | R76: =ROUND(10^((SUM(J76:N76)-2*SUM($J$1:$N$1))/5),3) -> 0.259 | S76: =ROUND(-1.5*((150^2)/(R76*I76))/1000,0) -> -109 | T76: =-4*S76 -> 436 | U76: =ROUND(150/(R76^0.5),0) -> 295 | V76: =ROUND(150*I76*ATAN((1800*SQRT(3*R76))/(3*150))*SQRT(3/(R76)),0) -> 792 | W76: =ROUND(1/SQRT(R76),3) -> 1.965 | Y76: =ROUND(B76-D76,3) -> 322.4 | Z76: =ROUND(D76-F76,3) -> 349.4 | AA76: =ROUND(F76-G76,3) -> 219.2 | AC76: =((B76)*3*150^2)/(R76*$AC$3^2+3*150^2) -> 1198.1 | AD76: =((B76)*3*150^2)/(R76*$AD$3^2+3*150^2) -> 1038.6816 | AE76: =((B76)*3*150^2)/(R76*$AE$3^2+3*150^2) -> 890.55996 | AF76: =((B76)*3*150^2)/(R76*$AF$3^2+3*150^2) -> 674.22622 | AG76: =((B76)*3*150^2)/(R76*$AG$3^2+3*150^2) -> 503.1215 | AH76: =((B76)*3*150^2)/(R76*$AH$3^2+3*150^2) -> 291.65044 | AI76: =((B76)*3*150^2)/(R76*$AI$3^2+3*150^2) -> 183.60748
A77: =AVERAGE(A65:A68) -> 372.75 | B77: =AVERAGE(B65:B68) -> 428.5 | C77: =AVERAGE(C65:C68) -> 354.325 | D77: =AVERAGE(D65:D68) -> 291.95 | E77: =AVERAGE(E65:E68) -> 208.35 | F77: =AVERAGE(F65:F68) -> 155.675 | G77: =AVERAGE(G65:G68) -> 84.75 | H77: =AVERAGE(H65:H68) -> 46 | ... W77: =AVERAGE(W65:W68) -> 1.70525 | X77: =SLOPE(W77:W79,A77:A79) -> 0.00021544205 | Y77: =AVERAGE(Y65:Y68) -> 136.55 | Z77: =AVERAGE(Z65:Z68) -> 136.275 | AA77: =AVERAGE(AA65:AA68) -> 70.925 | AC77: =AVERAGE(AC65:AC68) -> 428.5 | AD77: =AVERAGE(AD65:AD68) -> 355.78484 | AE77: =AVERAGE(AE65:AE68) -> 293.54007 | AF77: =AVERAGE(AF65:AF68) -> 210.6465 | AG77: =AVERAGE(AG65:AG68) -> 150.97232 | AH77: =AVERAGE(AH65:AH68) -> 83.442757 | AI77: =AVERAGE(AI65:AI68) -> 51.312126
A78: =AVERAGE(A69:A72) -> 709.25 | B78: =AVERAGE(B69:B72) -> 709.675 | C78: =AVERAGE(C69:C72) -> 600.475 | D78: =AVERAGE(D69:D72) -> 506.4 | E78: =AVERAGE(E69:E72) -> 376.8 | F78: =AVERAGE(F69:F72) -> 288.05 | G78: =AVERAGE(G69:G72) -> 164.025 | H78: =AVERAGE(H69:H72) -> 92.075 | ... W78: =AVERAGE(W69:W72) -> 1.85675 | Y78: =AVERAGE(Y69:Y72) -> 203.275 | Z78: =AVERAGE(Z69:Z72) -> 218.35 | AA78: =AVERAGE(AA69:AA72) -> 124.025 | AB78: =AC78/AC77 -> 1.6561844 | AC78: =AVERAGE(AC69:AC72) -> 709.675 | AD78: =AVERAGE(AD69:AD72) -> 605.49477 | AE78: =AVERAGE(AE69:AE72) -> 511.62268 | AF78: =AVERAGE(AF69:AF72) -> 379.32033 | AG78: =AVERAGE(AG69:AG72) -> 278.50221 | AH78: =AVERAGE(AH69:AH72) -> 158.29873 | AI78: =AVERAGE(AI69:AI72) -> 98.675605 | AJ78: =AI78/AI77 -> 1.9230465
A79: =AVERAGE(A73:A76) -> 1388.25 | B79: =AVERAGE(B73:B76) -> 1202.575 | C79: =AVERAGE(C73:C76) -> 1024.2 | D79: =AVERAGE(D73:D76) -> 873.45 | E79: =AVERAGE(E73:E76) -> 668.225 | F79: =AVERAGE(F73:F76) -> 522.95 | G79: =AVERAGE(G73:G76) -> 303.925 | H79: =AVERAGE(H73:H76) -> 177.925 | ... W79: =AVERAGE(W73:W76) -> 1.94 | Y79: =AVERAGE(Y73:Y76) -> 329.125 | Z79: =AVERAGE(Z73:Z76) -> 350.5 | AA79: =AVERAGE(AA73:AA76) -> 219.025 | AB79: =AC79/AC77 -> 2.8064761 | AC79: =AVERAGE(AC73:AC76) -> 1202.575 | AD79: =AVERAGE(AD73:AD76) -> 1038.9493 | AE79: =AVERAGE(AE73:AE76) -> 887.94099 | AF79: =AVERAGE(AF73:AF76) -> 669.13076 | AG79: =AVERAGE(AG73:AG76) -> 497.50483 | AH79: =AVERAGE(AH73:AH76) -> 287.11048 | AI79: =AVERAGE(AI73:AI76) -> 180.34053 | AJ79: =AI79/AI77 -> 3.5145791
A80: 380 | B80: 550 | C80: 430.2 | D80: 344.1 | E80: 240.4 | F80: 166.2 | G80: 79.9 | H80: 43.2 | I80: =B80/1000 -> 0.55 | J80: =LOG10((((3*150*150)*B80)/C80)-((3*150*150))) -> 4.2740902 | K80: =LOG10((((3*150*150)*B80)/D80)-((3*150*150))) -> 4.6062754 | L80: =LOG10((((3*150*150)*B80)/E80)-((3*150*150))) -> 4.9391703 | M80: =LOG10((((3*150*150)*B80)/F80)-((3*150*150))) -> 5.1927777 | N80: =LOG10((((3*150*150)*B80)/G80)-((3*150*150))) -> 5.5989472 | O80: =LOG10((((3*150*150)*B80)/H80)-((3*150*150))) -> 5.8986566 | P80: =10^(INTERCEPT(J80:O80,$J$1:$O$1)) -> 0.28399343 | Q80: =LINEST(J80:O80,$J$1:$O$1) -> 2.0802927 | R80: =ROUND(10^((SUM(J80:N80)-2*SUM($J$1:$N$1))/5),3) -> 0.454 | S80: =ROUND(-1.5*((150^2)/(R80*I80))/1000,0) -> -135 | T80: =-4*S80 -> 540 | U80: =ROUND(150/(R80^0.5),0) -> 223 | V80: =ROUND(150*I80*ATAN((1800*SQRT(3*R80))/(3*150))*SQRT(3/(R80)),0) -> 288 | W80: =ROUND(1/SQRT(R80),3) -> 1.484 | Y80: =ROUND(B80-D80,3) -> 205.9 | Z80: =ROUND(D80-F80,3) -> 177.9 | AA80: =ROUND(F80-G80,3) -> 86.3 | AC80: =((B80)*3*150^2)/(R80*$AC$3^2+3*150^2) -> 550 | AD80: =((B80)*3*150^2)/(R80*$AD$3^2+3*150^2) -> 433.39949 | AE80: =((B80)*3*150^2)/(R80*$AE$3^2+3*150^2) -> 342.60797 | AF80: =((B80)*3*150^2)/(R80*$AF$3^2+3*150^2) -> 232.85351 | AG80: =((B80)*3*150^2)/(R80*$AG$3^2+3*150^2) -> 160.75604 | AH80: =((B80)*3*150^2)/(R80*$AH$3^2+3*150^2) -> 85.297767 | AI80: =((B80)*3*150^2)/(R80*$AI$3^2+3*150^2) -> 51.472423
A81: 387 | B81: 475.5 | C81: 369.5 | D81: 297.3 | E81: 210.9 | F81: 149.4 | G81: 76.5 | H81: 44.4 | I81: =B81/1000 -> 0.4755 | J81: =LOG10((((3*150*150)*B81)/C81)-((3*150*150))) -> 4.2869952 | K81: =LOG10((((3*150*150)*B81)/D81)-((3*150*150))) -> 4.6070166 | L81: =LOG10((((3*150*150)*B81)/E81)-((3*150*150))) -> 4.927817 | M81: =LOG10((((3*150*150)*B81)/F81)-((3*150*150))) -> 5.168304 | N81: =LOG10((((3*150*150)*B81)/G81)-((3*150*150))) -> 5.5466152 | O81: =LOG10((((3*150*150)*B81)/H81)-((3*150*150))) -> 5.8164988 | P81: =10^(INTERCEPT(J81:O81,$J$1:$O$1)) -> 0.55679377 | Q81: =LINEST(J81:O81,$J$1:$O$1) -> 1.9626424 | R81: =ROUND(10^((SUM(J81:N81)-2*SUM($J$1:$N$1))/5),3) -> 0.438 | S81: =ROUND(-1.5*((150^2)/(R81*I81))/1000,0) -> -162 | T81: =-4*S81 -> 648 | U81: =ROUND(150/(R81^0.5),0) -> 227 | V81: =ROUND(150*I81*ATAN((1800*SQRT(3*R81))/(3*150))*SQRT(3/(R81)),0) -> 253 | W81: =ROUND(1/SQRT(R81),3) -> 1.511 | Y81: =ROUND(B81-D81,3) -> 178.2 | Z81: =ROUND(D81-F81,3) -> 147.9 | AA81: =ROUND(F81-G81,3) -> 72.9 | AC81: =((B81)*3*150^2)/(R81*$AC$3^2+3*150^2) -> 475.5 | AD81: =((B81)*3*150^2)/(R81*$AD$3^2+3*150^2) -> 377.51411 | AE81: =((B81)*3*150^2)/(R81*$AE$3^2+3*150^2) -> 300.18939 | AF81: =((B81)*3*150^2)/(R81*$AF$3^2+3*150^2) -> 205.48833 | AG81: =((B81)*3*150^2)/(R81*$AG$3^2+3*150^2) -> 142.53597 | AH81: =((B81)*3*150^2)/(R81*$AH$3^2+3*150^2) -> 76.007033 | AI81: =((B81)*3*150^2)/(R81*$AI$3^2+3*150^2) -> 45.968677
A82: 389 | B82: 461.9 | C82: 361.1 | D82: 291.6 | E82: 208.1 | F82: 148.5 | G82: 76.9 | H82: 44.7 | I82: =B82/1000 -> 0.4619 | J82: =LOG10((((3*150*150)*B82)/C82)-((3*150*150))) -> 4.2751368 | K82: =LOG10((((3*150*150)*B82)/D82)-((3*150*150))) -> 4.5957309 | L82: =LOG10((((3*150*150)*B82)/E82)-((3*150*150))) -> 4.9155233 | M82: =LOG10((((3*150*150)*B82)/F82)-((3*150*150))) -> 5.1536763 | N82: =LOG10((((3*150*150)*B82)/G82)-((3*150*150))) -> 5.5288382 | O82: =LOG10((((3*150*150)*B82)/H82)-((3*150*150))) -> 5.7993405 | P82: =10^(INTERCEPT(J82:O82,$J$1:$O$1)) -> 0.56928478 | Q82: =LINEST(J82:O82,$J$1:$O$1) -> 1.9538502 | R82: =ROUND(10^((SUM(J82:N82)-2*SUM($J$1:$N$1))/5),3) -> 0.425 | S82: =ROUND(-1.5*((150^2)/(R82*I82))/1000,0) -> -172 | T82: =-4*S82 -> 688 | U82: =ROUND(150/(R82^0.5),0) -> 230 | V82: =ROUND(150*I82*ATAN((1800*SQRT(3*R82))/(3*150))*SQRT(3/(R82)),0) -> 249 | W82: =ROUND(1/SQRT(R82),3) -> 1.534 | Y82: =ROUND(B82-D82,3) -> 170.3 | Z82: =ROUND(D82-F82,3) -> 143.1 | AA82: =ROUND(F82-G82,3) -> 71.6 | AC82: =((B82)*3*150^2)/(R82*$AC$3^2+3*150^2) -> 461.9 | AD82: =((B82)*3*150^2)/(R82*$AD$3^2+3*150^2) -> 368.97337 | AE82: =((B82)*3*150^2)/(R82*$AE$3^2+3*150^2) -> 294.82979 | AF82: =((B82)*3*150^2)/(R82*$AF$3^2+3*150^2) -> 203.03297 | AG82: =((B82)*3*150^2)/(R82*$AG$3^2+3*150^2) -> 141.39796 | AH82: =((B82)*3*150^2)/(R82*$AH$3^2+3*150^2) -> 75.721311 | AI82: =((B82)*3*150^2)/(R82*$AI$3^2+3*150^2) -> 45.884106
A83: 391 | B83: 458.5 | C83: 359.2 | D83: 291 | E83: 208.8 | F83: 149.3 | G83: 77.6 | H83: 44.6 | I83: =B83/1000 -> 0.4585 | J83: =LOG10((((3*150*150)*B83)/C83)-((3*150*150))) -> 4.2709167 | K83: =LOG10((((3*150*150)*B83)/D83)-((3*150*150))) -> 4.5894256 | L83: =LOG10((((3*150*150)*B83)/E83)-((3*150*150))) -> 4.9069918 | M83: =LOG10((((3*150*150)*B83)/F83)-((3*150*150))) -> 5.1454835 | N83: =LOG10((((3*150*150)*B83)/G83)-((3*150*150))) -> 5.520253 | O83: =LOG10((((3*150*150)*B83)/H83)-((3*150*150))) -> 5.7968643 | P83: =10^(INTERCEPT(J83:O83,$J$1:$O$1)) -> 0.56097253 | Q83: =LINEST(J83:O83,$J$1:$O$1) -> 1.9538512 | R83: =ROUND(10^((SUM(J83:N83)-2*SUM($J$1:$N$1))/5),3) -> 0.418 | S83: =ROUND(-1.5*((150^2)/(R83*I83))/1000,0) -> -176 | T83: =-4*S83 -> 704 | U83: =ROUND(150/(R83^0.5),0) -> 232 | V83: =ROUND(150*I83*ATAN((1800*SQRT(3*R83))/(3*150))*SQRT(3/(R83)),0) -> 249 | W83: =ROUND(1/SQRT(R83),3) -> 1.547 | Y83: =ROUND(B83-D83,3) -> 167.5 | Z83: =ROUND(D83-F83,3) -> 141.7 | AA83: =ROUND(F83-G83,3) -> 71.7 | AC83: =((B83)*3*150^2)/(R83*$AC$3^2+3*150^2) -> 458.5 | AD83: =((B83)*3*150^2)/(R83*$AD$3^2+3*150^2) -> 367.47507 | AE83: =((B83)*3*150^2)/(R83*$AE$3^2+3*150^2) -> 294.41353 | AF83: =((B83)*3*150^2)/(R83*$AF$3^2+3*150^2) -> 203.41615 | AG83: =((B83)*3*150^2)/(R83*$AG$3^2+3*150^2) -> 141.97977 | AH83: =((B83)*3*150^2)/(R83*$AH$3^2+3*150^2) -> 76.213431 | AI83: =((B83)*3*150^2)/(R83*$AI$3^2+3*150^2) -> 46.232186
A84: 728 | B84: 798.8 | C84: 645.1 | D84: 530.2 | E84: 388.1 | F84: 281 | G84: 147 | H84: 84.7 | I84: =B84/1000 -> 0.7988 | J84: =LOG10((((3*150*150)*B84)/C84)-((3*150*150))) -> 4.2063506 | K84: =LOG10((((3*150*150)*B84)/D84)-((3*150*150))) -> 4.5339701 | L84: =LOG10((((3*150*150)*B84)/E84)-((3*150*150))) -> 4.8538848 | M84: =LOG10((((3*150*150)*B84)/F84)-((3*150*150))) -> 5.0947595 | N84: =LOG10((((3*150*150)*B84)/G84)-((3*150*150))) -> 5.4761008 | O84: =LOG10((((3*150*150)*B84)/H84)-((3*150*150))) -> 5.7551794 | P84: =10^(INTERCEPT(J84:O84,$J$1:$O$1)) -> 0.4188407 | Q84: =LINEST(J84:O84,$J$1:$O$1) -> 1.9816581 | R84: =ROUND(10^((SUM(J84:N84)-2*SUM($J$1:$N$1))/5),3) -> 0.369 | S84: =ROUND(-1.5*((150^2)/(R84*I84))/1000,0) -> -115 | T84: =-4*S84 -> 460 | U84: =ROUND(150/(R84^0.5),0) -> 247 | V84: =ROUND(150*I84*ATAN((1800*SQRT(3*R84))/(3*150))*SQRT(3/(R84)),0) -> 457 | W84: =ROUND(1/SQRT(R84),3) -> 1.646 | Y84: =ROUND(B84-D84,3) -> 268.6 | Z84: =ROUND(D84-F84,3) -> 249.2 | AA84: =ROUND(F84-G84,3) -> 134 | AC84: =((B84)*3*150^2)/(R84*$AC$3^2+3*150^2) -> 798.8 | AD84: =((B84)*3*150^2)/(R84*$AD$3^2+3*150^2) -> 655.47046 | AE84: =((B84)*3*150^2)/(R84*$AE$3^2+3*150^2) -> 535.38874 | AF84: =((B84)*3*150^2)/(R84*$AF$3^2+3*150^2) -> 379.11723 | AG84: =((B84)*3*150^2)/(R84*$AG$3^2+3*150^2) -> 269.13747 | AH84: =((B84)*3*150^2)/(R84*$AH$3^2+3*150^2) -> 147.16286 | AI84: =((B84)*3*150^2)/(R84*$AI$3^2+3*150^2) -> 90.036069
A85: 707 | B85: 765.9 | C85: 621.1 | D85: 511.1 | E85: 375.4 | F85: 273.4 | G85: 144.8 | H85: 85.2 | I85: =B85/1000 -> 0.7659 | J85: =LOG10((((3*150*150)*B85)/C85)-((3*150*150))) -> 4.1969108 | K85: =LOG10((((3*150*150)*B85)/D85)-((3*150*150))) -> 4.5269973 | L85: =LOG10((((3*150*150)*B85)/E85)-((3*150*150))) -> 4.8464305 | M85: =LOG10((((3*150*150)*B85)/F85)-((3*150*150))) -> 5.0849115 | N85: =LOG10((((3*150*150)*B85)/G85)-((3*150*150))) -> 5.4616967 | O85: =LOG10((((3*150*150)*B85)/H85)-((3*150*150))) -> 5.7318199 | P85: =10^(INTERCEPT(J85:O85,$J$1:$O$1)) -> 0.45226067 | Q85: =LINEST(J85:O85,$J$1:$O$1) -> 1.9649421 | R85: =ROUND(10^((SUM(J85:N85)-2*SUM($J$1:$N$1))/5),3) -> 0.361 | S85: =ROUND(-1.5*((150^2)/(R85*I85))/1000,0) -> -122 | T85: =-4*S85 -> 488 | U85: =ROUND(150/(R85^0.5),0) -> 250 | V85: =ROUND(150*I85*ATAN((1800*SQRT(3*R85))/(3*150))*SQRT(3/(R85)),0) -> 442 | W85: =ROUND(1/SQRT(R85),3) -> 1.664 | Y85: =ROUND(B85-D85,3) -> 254.8 | Z85: =ROUND(D85-F85,3) -> 237.7 | AA85: =ROUND(F85-G85,3) -> 128.6 | AC85: =((B85)*3*150^2)/(R85*$AC$3^2+3*150^2) -> 765.9 | AD85: =((B85)*3*150^2)/(R85*$AD$3^2+3*150^2) -> 630.92812 | AE85: =((B85)*3*150^2)/(R85*$AE$3^2+3*150^2) -> 517.0342 | AF85: =((B85)*3*150^2)/(R85*$AF$3^2+3*150^2) -> 367.69083 | AG85: =((B85)*3*150^2)/(R85*$AG$3^2+3*150^2) -> 261.81632 | AH85: =((B85)*3*150^2)/(R85*$AH$3^2+3*150^2) -> 143.64216 | AI85: =((B85)*3*150^2)/(R85*$AI$3^2+3*150^2) -> 88.020993
A86: 706 | B86: 756.1 | C86: 616 | D86: 508.2 | E86: 374.8 | F86: 273 | G86: 145.1 | H86: 84.9 | I86: =B86/1000 -> 0.7561 | J86: =LOG10((((3*150*150)*B86)/C86)-((3*150*150))) -> 4.1861612 | K86: =LOG10((((3*150*150)*B86)/D86)-((3*150*150))) -> 4.5175456 | L86: =LOG10((((3*150*150)*B86)/E86)-((3*150*150))) -> 4.836771 | M86: =LOG10((((3*150*150)*B86)/F86)-((3*150*150))) -> 5.0771782 | N86: =LOG10((((3*150*150)*B86)/G86)-((3*150*150))) -> 5.4536776 | O86: =LOG10((((3*150*150)*B86)/H86)-((3*150*150))) -> 5.727248 | P86: =10^(INTERCEPT(J86:O86,$J$1:$O$1)) -> 0.42560933 | Q86: =LINEST(J86:O86,$J$1:$O$1) -> 1.9715961 | R86: =ROUND(10^((SUM(J86:N86)-2*SUM($J$1:$N$1))/5),3) -> 0.354 | S86: =ROUND(-1.5*((150^2)/(R86*I86))/1000,0) -> -126 | T86: =-4*S86 -> 504 | U86: =ROUND(150/(R86^0.5),0) -> 252 | V86: =ROUND(150*I86*ATAN((1800*SQRT(3*R86))/(3*150))*SQRT(3/(R86)),0) -> 440 | W86: =ROUND(1/SQRT(R86),3) -> 1.681 | Y86: =ROUND(B86-D86,3) -> 247.9 | Z86: =ROUND(D86-F86,3) -> 235.2 | AA86: =ROUND(F86-G86,3) -> 127.9 | AC86: =((B86)*3*150^2)/(R86*$AC$3^2+3*150^2) -> 756.1 | AD86: =((B86)*3*150^2)/(R86*$AD$3^2+3*150^2) -> 624.99082 | AE86: =((B86)*3*150^2)/(R86*$AE$3^2+3*150^2) -> 513.65489 | AF86: =((B86)*3*150^2)/(R86*$AF$3^2+3*150^2) -> 366.68283 | AG86: =((B86)*3*150^2)/(R86*$AG$3^2+3*150^2) -> 261.80748 | AH86: =((B86)*3*150^2)/(R86*$AH$3^2+3*150^2) -> 144.07393 | AI86: =((B86)*3*150^2)/(R86*$AI$3^2+3*150^2) -> 88.412067
A87: 705 | B87: 753.2 | C87: 614.1 | D87: 507.8 | E87: 375.5 | F87: 273.1 | G87: 145.4 | H87: 84.6 | I87: =B87/1000 -> 0.7532 | J87: =LOG10((((3*150*150)*B87)/C87)-((3*150*150))) -> 4.1843918 | K87: =LOG10((((3*150*150)*B87)/D87)-((3*150*150))) -> 4.5134856 | L87: =LOG10((((3*150*150)*B87)/E87)-((3*150*150))) -> 4.8318408 | M87: =LOG10((((3*150*150)*B87)/F87)-((3*150*150))) -> 5.0743138 | N87: =LOG10((((3*150*150)*B87)/G87)-((3*150*150))) -> 5.4505001 | O87: =LOG10((((3*150*150)*B87)/H87)-((3*150*150))) -> 5.7270998 | P87: =10^(INTERCEPT(J87:O87,$J$1:$O$1)) -> 0.41746192 | Q87: =LINEST(J87:O87,$J$1:$O$1) -> 1.9736534 | R87: =ROUND(10^((SUM(J87:N87)-2*SUM($J$1:$N$1))/5),3) -> 0.351 | S87: =ROUND(-1.5*((150^2)/(R87*I87))/1000,0) -> -128 | T87: =-4*S87 -> 512 | U87: =ROUND(150/(R87^0.5),0) -> 253 | V87: =ROUND(150*I87*ATAN((1800*SQRT(3*R87))/(3*150))*SQRT(3/(R87)),0) -> 440 | W87: =ROUND(1/SQRT(R87),3) -> 1.688 | Y87: =ROUND(B87-D87,3) -> 245.4 | Z87: =ROUND(D87-F87,3) -> 234.7 | AA87: =ROUND(F87-G87,3) -> 127.7 | AC87: =((B87)*3*150^2)/(R87*$AC$3^2+3*150^2) -> 753.2 | AD87: =((B87)*3*150^2)/(R87*$AD$3^2+3*150^2) -> 623.50993 | AE87: =((B87)*3*150^2)/(R87*$AE$3^2+3*150^2) -> 513.07902 | AF87: =((B87)*3*150^2)/(R87*$AF$3^2+3*150^2) -> 366.87774 | AG87: =((B87)*3*150^2)/(R87*$AG$3^2+3*150^2) -> 262.25627 | AH87: =((B87)*3*150^2)/(R87*$AH$3^2+3*150^2) -> 144.51266 | AI87: =((B87)*3*150^2)/(R87*$AI$3^2+3*150^2) -> 88.737041
A88: 1391 | B88: 1281.6 | C88: 1082.7 | D88: 896.7 | E88: 676.2 | F88: 495 | G88: 274.6 | H88: 156.7 | I88: =B88/1000 -> 1.2816 | J88: =LOG10((((3*150*150)*B88)/C88)-((3*150*150))) -> 4.0934304 | K88: =LOG10((((3*150*150)*B88)/D88)-((3*150*150))) -> 4.4620045 | L88: =LOG10((((3*150*150)*B88)/E88)-((3*150*150))) -> 4.781271 | M88: =LOG10((((3*150*150)*B88)/F88)-((3*150*150))) -> 5.0304525 | N88: =LOG10((((3*150*150)*B88)/G88)-((3*150*150))) -> 5.3936327 | O88: =LOG10((((3*150*150)*B88)/H88)-((3*150*150))) -> 5.6853487 | P88: =10^(INTERCEPT(J88:O88,$J$1:$O$1)) -> 0.27856644 | Q88: =LINEST(J88:O88,$J$1:$O$1) -> 2.0178964 | R88: =ROUND(10^((SUM(J88:N88)-2*SUM($J$1:$N$1))/5),3) -> 0.307 | S88: =ROUND(-1.5*((150^2)/(R88*I88))/1000,0) -> -86 | T88: =-4*S88 -> 344 | U88: =ROUND(150/(R88^0.5),0) -> 271 | V88: =ROUND(150*I88*ATAN((1800*SQRT(3*R88))/(3*150))*SQRT(3/(R88)),0) -> 791 | W88: =ROUND(1/SQRT(R88),3) -> 1.805 | Y88: =ROUND(B88-D88,3) -> 384.9 | Z88: =ROUND(D88-F88,3) -> 401.7 | AA88: =ROUND(F88-G88,3) -> 220.4 | AC88: =((B88)*3*150^2)/(R88*$AC$3^2+3*150^2) -> 1281.6 | AD88: =((B88)*3*150^2)/(R88*$AD$3^2+3*150^2) -> 1084.3319 | AE88: =((B88)*3*150^2)/(R88*$AE$3^2+3*150^2) -> 909.36613 | AF88: =((B88)*3*150^2)/(R88*$AF$3^2+3*150^2) -> 667.15252 | AG88: =((B88)*3*150^2)/(R88*$AG$3^2+3*150^2) -> 485.9454 | AH88: =((B88)*3*150^2)/(R88*$AH$3^2+3*150^2) -> 273.6123 | AI88: =((B88)*3*150^2)/(R88*$AI$3^2+3*150^2) -> 169.76333
A89: 1393 | B89: 1276.2 | C89: 1081.7 | D89: 901 | E89: 685.1 | F89: 498.2 | G89: 280.5 | H89: 171.5 | I89: =B89/1000 -> 1.2762 | J89: =LOG10((((3*150*150)*B89)/C89)-((3*150*150))) -> 4.0841165 | K89: =LOG10((((3*150*150)*B89)/D89)-((3*150*150))) -> 4.4488418 | L89: =LOG10((((3*150*150)*B89)/E89)-((3*150*150))) -> 4.7652108 | M89: =LOG10((((3*150*150)*B89)/F89)-((3*150*150))) -> 5.0228796 | N89: =LOG10((((3*150*150)*B89)/G89)-((3*150*150))) -> 5.3794994 | O89: =LOG10((((3*150*150)*B89)/H89)-((3*150*150))) -> 5.638284 | P89: =10^(INTERCEPT(J89:O89,$J$1:$O$1)) -> 0.3275588 | Q89: =LINEST(J89:O89,$J$1:$O$1) -> 1.9852994 | R89: =ROUND(10^((SUM(J89:N89)-2*SUM($J$1:$N$1))/5),3) -> 0.298 | S89: =ROUND(-1.5*((150^2)/(R89*I89))/1000,0) -> -89 | T89: =-4*S89 -> 356 | U89: =ROUND(150/(R89^0.5),0) -> 275 | V89: =ROUND(150*I89*ATAN((1800*SQRT(3*R89))/(3*150))*SQRT(3/(R89)),0) -> 797 | W89: =ROUND(1/SQRT(R89),3) -> 1.832 | Y89: =ROUND(B89-D89,3) -> 375.2 | Z89: =ROUND(D89-F89,3) -> 402.8 | AA89: =ROUND(F89-G89,3) -> 217.7 | AC89: =((B89)*3*150^2)/(R89*$AC$3^2+3*150^2) -> 1276.2 | AD89: =((B89)*3*150^2)/(R89*$AD$3^2+3*150^2) -> 1084.6575 | AE89: =((B89)*3*150^2)/(R89*$AE$3^2+3*150^2) -> 913.31107 | AF89: =((B89)*3*150^2)/(R89*$AF$3^2+3*150^2) -> 673.81204 | AG89: =((B89)*3*150^2)/(R89*$AG$3^2+3*150^2) -> 492.86818 | AH89: =((B89)*3*150^2)/(R89*$AH$3^2+3*150^2) -> 278.88986 | AI89: =((B89)*3*150^2)/(R89*$AI$3^2+3*150^2) -> 173.45959
A90: 1390 | B90: 1266.6 | C90: 1083.6 | D90: 901.2 | E90: 689.5 | F90: 435.5 | G90: 279.1 | H90: 180.3 | I90: =B90/1000 -> 1.2666 | J90: =LOG10((((3*150*150)*B90)/C90)-((3*150*150))) -> 4.0568859 | K90: =LOG10((((3*150*150)*B90)/D90)-((3*150*150))) -> 4.4372511 | L90: =LOG10((((3*150*150)*B90)/E90)-((3*150*150))) -> 4.7520206 | M90: =LOG10((((3*150*150)*B90)/F90)-((3*150*150))) -> 5.1099689 | N90: =LOG10((((3*150*150)*B90)/G90)-((3*150*150))) -> 5.378081 | O90: =LOG10((((3*150*150)*B90)/H90)-((3*150*150))) -> 5.6092578 | P90: =10^(INTERCEPT(J90:O90,$J$1:$O$1)) -> 0.28560836 | Q90: =LINEST(J90:O90,$J$1:$O$1) -> 2.0075702 | R90: =ROUND(10^((SUM(J90:N90)-2*SUM($J$1:$N$1))/5),3) -> 0.303 | S90: =ROUND(-1.5*((150^2)/(R90*I90))/1000,0) -> -88 | T90: =-4*S90 -> 352 | U90: =ROUND(150/(R90^0.5),0) -> 273 | V90: =ROUND(150*I90*ATAN((1800*SQRT(3*R90))/(3*150))*SQRT(3/(R90)),0) -> 786 | W90: =ROUND(1/SQRT(R90),3) -> 1.817 | Y90: =ROUND(B90-D90,3) -> 365.4 | Z90: =ROUND(D90-F90,3) -> 465.7 | AA90: =ROUND(F90-G90,3) -> 156.4 | AC90: =((B90)*3*150^2)/(R90*$AC$3^2+3*150^2) -> 1266.6 | AD90: =((B90)*3*150^2)/(R90*$AD$3^2+3*150^2) -> 1073.7943 | AE90: =((B90)*3*150^2)/(R90*$AE$3^2+3*150^2) -> 902.13675 | AF90: =((B90)*3*150^2)/(R90*$AF$3^2+3*150^2) -> 663.48874 | AG90: =((B90)*3*150^2)/(R90*$AG$3^2+3*150^2) -> 484.17431 | AH90: =((B90)*3*150^2)/(R90*$AH$3^2+3*150^2) -> 273.20966 | AI90: =((B90)*3*150^2)/(R90*$AI$3^2+3*150^2) -> 169.69453
A91: 1390 | B91: 1266.6 | C91: 1084.3 | D91: 902.1 | E91: 686.8 | F91: 444.5 | G91: 278.4 | H91: 179.4 | I91: =B91/1000 -> 1.2666 | J91: =LOG10((((3*150*150)*B91)/C91)-((3*150*150))) -> 4.054941 | K91: =LOG10((((3*150*150)*B91)/D91)-((3*150*150))) -> 4.4357466 | L91: =LOG10((((3*150*150)*B91)/E91)-((3*150*150))) -> 4.7557517 | M91: =LOG10((((3*150*150)*B91)/F91)-((3*150*150))) -> 5.0963567 | N91: =LOG10((((3*150*150)*B91)/G91)-((3*150*150))) -> 5.3794794 | O91: =LOG10((((3*150*150)*B91)/H91)-((3*150*150))) -> 5.6117908 | P91: =10^(INTERCEPT(J91:O91,$J$1:$O$1)) -> 0.27938818 | Q91: =LINEST(J91:O91,$J$1:$O$1) -> 2.010524 | R91: =ROUND(10^((SUM(J91:N91)-2*SUM($J$1:$N$1))/5),3) -> 0.301 | S91: =ROUND(-1.5*((150^2)/(R91*I91))/1000,0) -> -89 | T91: =-4*S91 -> 356 | U91: =ROUND(150/(R91^0.5),0) -> 273 | V91: =ROUND(150*I91*ATAN((1800*SQRT(3*R91))/(3*150))*SQRT(3/(R91)),0) -> 788 | W91: =ROUND(1/SQRT(R91),3) -> 1.823 | Y91: =ROUND(B91-D91,3) -> 364.5 | Z91: =ROUND(D91-F91,3) -> 457.6 | AA91: =ROUND(F91-G91,3) -> 166.1 | AC91: =((B91)*3*150^2)/(R91*$AC$3^2+3*150^2) -> 1266.6 | AD91: =((B91)*3*150^2)/(R91*$AD$3^2+3*150^2) -> 1074.8743 | AE91: =((B91)*3*150^2)/(R91*$AE$3^2+3*150^2) -> 903.85347 | AF91: =((B91)*3*150^2)/(R91*$AF$3^2+3*150^2) -> 665.58066 | AG91: =((B91)*3*150^2)/(R91*$AG$3^2+3*150^2) -> 486.1566 | AH91: =((B91)*3*150^2)/(R91*$AH$3^2+3*150^2) -> 274.6314 | AI91: =((B91)*3*150^2)/(R91*$AI$3^2+3*150^2) -> 170.67014
A92: =AVERAGE(A80:A83) -> 386.75 | B92: =AVERAGE(B80:B83) -> 486.475 | C92: =AVERAGE(C80:C83) -> 380 | D92: =AVERAGE(D80:D83) -> 306 | E92: =AVERAGE(E80:E83) -> 217.05 | F92: =AVERAGE(F80:F83) -> 153.35 | G92: =AVERAGE(G80:G83) -> 77.725 | H92: =AVERAGE(H80:H83) -> 44.225 | ... W92: =AVERAGE(W80:W83) -> 1.519 | X92: =SLOPE(W92:W94,A92:A94) -> 0.00028689923 | Y92: =AVERAGE(Y80:Y83) -> 180.475 | Z92: =AVERAGE(Z80:Z83) -> 152.65 | AA92: =AVERAGE(AA80:AA83) -> 75.625 | AC92: =AVERAGE(AC80:AC83) -> 486.475 | AD92: =AVERAGE(AD80:AD83) -> 386.84051 | AE92: =AVERAGE(AE80:AE83) -> 308.01017 | AF92: =AVERAGE(AF80:AF83) -> 211.19774 | AG92: =AVERAGE(AG80:AG83) -> 146.66743 | AH92: =AVERAGE(AH80:AH83) -> 78.309886 | AI92: =AVERAGE(AI80:AI83) -> 47.389348
A93: =AVERAGE(A84:A87) -> 711.5 | B93: =AVERAGE(B84:B87) -> 768.5 | C93: =AVERAGE(C84:C87) -> 624.075 | D93: =AVERAGE(D84:D87) -> 514.325 | E93: =AVERAGE(E84:E87) -> 378.45 | F93: =AVERAGE(F84:F87) -> 275.125 | G93: =AVERAGE(G84:G87) -> 145.575 | H93: =AVERAGE(H84:H87) -> 84.85 | ... W93: =AVERAGE(W84:W87) -> 1.66975 | Y93: =AVERAGE(Y84:Y87) -> 254.175 | Z93: =AVERAGE(Z84:Z87) -> 239.2 | AA93: =AVERAGE(AA84:AA87) -> 129.55 | AB93: =AC93/AC92 -> 1.5797317 | AC93: =AVERAGE(AC84:AC87) -> 768.5 | AD93: =AVERAGE(AD84:AD87) -> 633.72483 | AE93: =AVERAGE(AE84:AE87) -> 519.78921 | AF93: =AVERAGE(AF84:AF87) -> 370.09216 | AG93: =AVERAGE(AG84:AG87) -> 263.75438 | AH93: =AVERAGE(AH84:AH87) -> 144.8479 | AI93: =AVERAGE(AI84:AI87) -> 88.801542 | AJ93: =AI93/AI92 -> 1.8738714
A94: =AVERAGE(A88:A91) -> 1391 | B94: =AVERAGE(B88:B91) -> 1272.75 | C94: =AVERAGE(C88:C91) -> 1083.075 | D94: =AVERAGE(D88:D91) -> 900.25 | E94: =AVERAGE(E88:E91) -> 684.4 | F94: =AVERAGE(F88:F91) -> 468.3 | G94: =AVERAGE(G88:G91) -> 278.15 | H94: =AVERAGE(H88:H91) -> 171.975 | ... W94: =AVERAGE(W88:W91) -> 1.81925 | Y94: =AVERAGE(Y88:Y91) -> 372.5 | Z94: =AVERAGE(Z88:Z91) -> 431.95 | AA94: =AVERAGE(AA88:AA91) -> 190.15 | AB94: =AC94/AC92 -> 2.6162701 | AC94: =AVERAGE(AC88:AC91) -> 1272.75 | AD94: =AVERAGE(AD88:AD91) -> 1079.4145 | AE94: =AVERAGE(AE88:AE91) -> 907.16686 | AF94: =AVERAGE(AF88:AF91) -> 667.50849 | AG94: =AVERAGE(AG88:AG91) -> 487.28612 | AH94: =AVERAGE(AH88:AH91) -> 275.0858 | AI94: =AVERAGE(AI88:AI91) -> 170.8969 | AJ94: =AI94/AI92 -> 3.6062302
A95: 379 | B95: 602.5 | C95: 439.3 | D95: 346.5 | E95: 234.4 | F95: 162.1 | G95: 71.3 | H95: 37.4 | I95: =B95/1000 -> 0.6025 | J95: =LOG10((((3*150*150)*B95)/C95)-((3*150*150))) -> 4.3992627 | K95: =LOG10((((3*150*150)*B95)/D95)-((3*150*150))) -> 4.6978405 | L95: =LOG10((((3*150*150)*B95)/E95)-((3*150*150))) -> 5.025312 | M95: =LOG10((((3*150*150)*B95)/F95)-((3*150*150))) -> 5.2633681 | N95: =LOG10((((3*150*150)*B95)/G95)-((3*150*150))) -> 5.7014723 | O95: =LOG10((((3*150*150)*B95)/H95)-((3*150*150))) -> 6.0085575 | P95: =10^(INTERCEPT(J95:O95,$J$1:$O$1)) -> 0.3844135 | Q95: =LINEST(J95:O95,$J$1:$O$1) -> 2.0677921 | R95: =ROUND(10^((SUM(J95:N95)-2*SUM($J$1:$N$1))/5),3) -> 0.565 | S95: =ROUND(-1.5*((150^2)/(R95*I95))/1000,0) -> -99 | T95: =-4*S95 -> 396 | U95: =ROUND(150/(R95^0.5),0) -> 200 | V95: =ROUND(150*I95*ATAN((1800*SQRT(3*R95))/(3*150))*SQRT(3/(R95)),0) -> 288 | W95: =ROUND(1/SQRT(R95),3) -> 1.33 | Y95: =ROUND(B95-D95,3) -> 256 | Z95: =ROUND(D95-F95,3) -> 184.4 | AA95: =ROUND(F95-G95,3) -> 90.8 | AC95: =((B95)*3*150^2)/(R95*$AC$3^2+3*150^2) -> 602.5 | AD95: =((B95)*3*150^2)/(R95*$AD$3^2+3*150^2) -> 451.37347 | AE95: =((B95)*3*150^2)/(R95*$AE$3^2+3*150^2) -> 343.63118 | AF95: =((B95)*3*150^2)/(R95*$AF$3^2+3*150^2) -> 223.56215 | AG95: =((B95)*3*150^2)/(R95*$AG$3^2+3*150^2) -> 150.12458 | AH95: =((B95)*3*150^2)/(R95*$AH$3^2+3*150^2) -> 77.442159 | AI95: =((B95)*3*150^2)/(R95*$AI$3^2+3*150^2) -> 46.156793
A96: 384 | B96: 492.6 | C96: 365.6 | D96: 291.3 | E96: 202.1 | F96: 144.2 | G96: 68.7 | H96: 37.5 | I96: =B96/1000 -> 0.4926 | J96: =LOG10((((3*150*150)*B96)/C96)-((3*150*150))) -> 4.3701013 | K96: =LOG10((((3*150*150)*B96)/D96)-((3*150*150))) -> 4.6688071 | L96: =LOG10((((3*150*150)*B96)/E96)-((3*150*150))) -> 4.9868836 | M96: =LOG10((((3*150*150)*B96)/F96)-((3*150*150))) -> 5.2124167 | N96: =LOG10((((3*150*150)*B96)/G96)-((3*150*150))) -> 5.6196105 | O96: =LOG10((((3*150*150)*B96)/H96)-((3*150*150))) -> 5.9133793 | P96: =10^(INTERCEPT(J96:O96,$J$1:$O$1)) -> 0.5981204 | Q96: =LINEST(J96:O96,$J$1:$O$1) -> 1.9768878 | R96: =ROUND(10^((SUM(J96:N96)-2*SUM($J$1:$N$1))/5),3) -> 0.508 | S96: =ROUND(-1.5*((150^2)/(R96*I96))/1000,0) -> -135 | T96: =-4*S96 -> 540 | U96: =ROUND(150/(R96^0.5),0) -> 210 | V96: =ROUND(150*I96*ATAN((1800*SQRT(3*R96))/(3*150))*SQRT(3/(R96)),0) -> 246 | W96: =ROUND(1/SQRT(R96),3) -> 1.403 | Y96: =ROUND(B96-D96,3) -> 201.3 | Z96: =ROUND(D96-F96,3) -> 147.1 | AA96: =ROUND(F96-G96,3) -> 75.5 | AC96: =((B96)*3*150^2)/(R96*$AC$3^2+3*150^2) -> 492.6 | AD96: =((B96)*3*150^2)/(R96*$AD$3^2+3*150^2) -> 378.62104 | AE96: =((B96)*3*150^2)/(R96*$AE$3^2+3*150^2) -> 293.68045 | AF96: =((B96)*3*150^2)/(R96*$AF$3^2+3*150^2) -> 195.1664 | AG96: =((B96)*3*150^2)/(R96*$AG$3^2+3*150^2) -> 132.80014 | AH96: =((B96)*3*150^2)/(R96*$AH$3^2+3*150^2) -> 69.419391 | AI96: =((B96)*3*150^2)/(R96*$AI$3^2+3*150^2) -> 41.614102
A97: 385 | B97: 474 | C97: 356 | D97: 285.7 | E97: 199.7 | F97: 143.5 | G97: 68.8 | H97: 38.1 | I97: =B97/1000 -> 0.474 | J97: =LOG10((((3*150*150)*B97)/C97)-((3*150*150))) -> 4.3497358 | K97: =LOG10((((3*150*150)*B97)/D97)-((3*150*150))) -> 4.6482439 | L97: =LOG10((((3*150*150)*B97)/E97)-((3*150*150))) -> 4.9671515 | M97: =LOG10((((3*150*150)*B97)/F97)-((3*150*150))) -> 5.1916233 | N97: =LOG10((((3*150*150)*B97)/G97)-((3*150*150))) -> 5.5993848 | O97: =LOG10((((3*150*150)*B97)/H97)-((3*150*150))) -> 5.8877657 | P97: =10^(INTERCEPT(J97:O97,$J$1:$O$1)) -> 0.58600794 | Q97: =LINEST(J97:O97,$J$1:$O$1) -> 1.972333 | R97: =ROUND(10^((SUM(J97:N97)-2*SUM($J$1:$N$1))/5),3) -> 0.485 | S97: =ROUND(-1.5*((150^2)/(R97*I97))/1000,0) -> -147 | T97: =-4*S97 -> 588 | U97: =ROUND(150/(R97^0.5),0) -> 215 | V97: =ROUND(150*I97*ATAN((1800*SQRT(3*R97))/(3*150))*SQRT(3/(R97)),0) -> 242 | W97: =ROUND(1/SQRT(R97),3) -> 1.436 | Y97: =ROUND(B97-D97,3) -> 188.3 | Z97: =ROUND(D97-F97,3) -> 142.2 | AA97: =ROUND(F97-G97,3) -> 74.7 | AC97: =((B97)*3*150^2)/(R97*$AC$3^2+3*150^2) -> 474 | AD97: =((B97)*3*150^2)/(R97*$AD$3^2+3*150^2) -> 368.18182 | AE97: =((B97)*3*150^2)/(R97*$AE$3^2+3*150^2) -> 287.85425 | AF97: =((B97)*3*150^2)/(R97*$AF$3^2+3*150^2) -> 193.07536 | AG97: =((B97)*3*150^2)/(R97*$AG$3^2+3*150^2) -> 132.15613 | AH97: =((B97)*3*150^2)/(R97*$AH$3^2+3*150^2) -> 69.501466 | AI97: =((B97)*3*150^2)/(R97*$AI$3^2+3*150^2) -> 41.774383
A98: 386 | B98: 467.8 | C98: 353.6 | D98: 284.5 | E98: 199.7 | F98: 143.4 | G98: 69.8 | H98: 38.8 | I98: =B98/1000 -> 0.4678 | J98: =LOG10((((3*150*150)*B98)/C98)-((3*150*150))) -> 4.3384576 | K98: =LOG10((((3*150*150)*B98)/D98)-((3*150*150))) -> 4.638384 | L98: =LOG10((((3*150*150)*B98)/E98)-((3*150*150))) -> 4.9572225 | M98: =LOG10((((3*150*150)*B98)/F98)-((3*150*150))) -> 5.1838355 | N98: =LOG10((((3*150*150)*B98)/G98)-((3*150*150))) -> 5.5853314 | O98: =LOG10((((3*150*150)*B98)/H98)-((3*150*150))) -> 5.8729293 | P98: =10^(INTERCEPT(J98:O98,$J$1:$O$1)) -> 0.58934198 | Q98: =LINEST(J98:O98,$J$1:$O$1) -> 1.9672521 | R98: =ROUND(10^((SUM(J98:N98)-2*SUM($J$1:$N$1))/5),3) -> 0.473 | S98: =ROUND(-1.5*((150^2)/(R98*I98))/1000,0) -> -153 | T98: =-4*S98 -> 612 | U98: =ROUND(150/(R98^0.5),0) -> 218 | V98: =ROUND(150*I98*ATAN((1800*SQRT(3*R98))/(3*150))*SQRT(3/(R98)),0) -> 241 | W98: =ROUND(1/SQRT(R98),3) -> 1.454 | Y98: =ROUND(B98-D98,3) -> 183.3 | Z98: =ROUND(D98-F98,3) -> 141.1 | AA98: =ROUND(F98-G98,3) -> 73.6 | AC98: =((B98)*3*150^2)/(R98*$AC$3^2+3*150^2) -> 467.8 | AD98: =((B98)*3*150^2)/(R98*$AD$3^2+3*150^2) -> 365.38417 | AE98: =((B98)*3*150^2)/(R98*$AE$3^2+3*150^2) -> 286.87653 | AF98: =((B98)*3*150^2)/(R98*$AF$3^2+3*150^2) -> 193.3857 | AG98: =((B98)*3*150^2)/(R98*$AG$3^2+3*150^2) -> 132.79712 | AH98: =((B98)*3*150^2)/(R98*$AH$3^2+3*150^2) -> 70.071899 | AI98: =((B98)*3*150^2)/(R98*$AI$3^2+3*150^2) -> 42.17961
A99: 727 | B99: 840.2 | C99: 652 | D99: 531.5 | E99: 381.5 | F99: 276.6 | G99: 135.8 | H99: 75.5 | I99: =B99/1000 -> 0.8402 | J99: =LOG10((((3*150*150)*B99)/C99)-((3*150*150))) -> 4.2896758 | K99: =LOG10((((3*150*150)*B99)/D99)-((3*150*150))) -> 4.5933371 | L99: =LOG10((((3*150*150)*B99)/E99)-((3*150*150))) -> 4.909338 | M99: =LOG10((((3*150*150)*B99)/F99)-((3*150*150))) -> 5.1384226 | N99: =LOG10((((3*150*150)*B99)/G99)-((3*150*150))) -> 5.5442234 | O99: =LOG10((((3*150*150)*B99)/H99)-((3*150*150))) -> 5.8348479 | P99: =10^(INTERCEPT(J99:O99,$J$1:$O$1)) -> 0.49297484 | Q99: =LINEST(J99:O99,$J$1:$O$1) -> 1.9794999 | R99: =ROUND(10^((SUM(J99:N99)-2*SUM($J$1:$N$1))/5),3) -> 0.426 | S99: =ROUND(-1.5*((150^2)/(R99*I99))/1000,0) -> -94 | T99: =-4*S99 -> 376 | U99: =ROUND(150/(R99^0.5),0) -> 230 | V99: =ROUND(150*I99*ATAN((1800*SQRT(3*R99))/(3*150))*SQRT(3/(R99)),0) -> 453 | W99: =ROUND(1/SQRT(R99),3) -> 1.532 | Y99: =ROUND(B99-D99,3) -> 308.7 | Z99: =ROUND(D99-F99,3) -> 254.9 | AA99: =ROUND(F99-G99,3) -> 140.8 | AC99: =((B99)*3*150^2)/(R99*$AC$3^2+3*150^2) -> 840.2 | AD99: =((B99)*3*150^2)/(R99*$AD$3^2+3*150^2) -> 670.84812 | AE99: =((B99)*3*150^2)/(R99*$AE$3^2+3*150^2) -> 535.84184 | AF99: =((B99)*3*150^2)/(R99*$AF$3^2+3*150^2) -> 368.83231 | AG99: =((B99)*3*150^2)/(R99*$AG$3^2+3*150^2) -> 256.78484 | AH99: =((B99)*3*150^2)/(R99*$AH$3^2+3*150^2) -> 137.46728 | AI99: =((B99)*3*150^2)/(R99*$AI$3^2+3*150^2) -> 83.287074
A100: 711 | B100: 804.3 | C100: 629.6 | D100: 515.2 | E100: 372.4 | F100: 272.2 | G100: 135.1 | H100: 75.2 | I100: =B100/1000 -> 0.8043 | J100: =LOG10((((3*150*150)*B100)/C100)-((3*150*150))) -> 4.272532 | K100: =LOG10((((3*150*150)*B100)/D100)-((3*150*150))) -> 4.578376 | L100: =LOG10((((3*150*150)*B100)/E100)-((3*150*150))) -> 4.8936773 | M100: =LOG10((((3*150*150)*B100)/F100)-((3*150*150))) -> 5.1204089 | N100: =LOG10((((3*150*150)*B100)/G100)-((3*150*150))) -> 5.5242044 | O100: =LOG10((((3*150*150)*B100)/H100)-((3*150*150))) -> 5.815873 | P100: =10^(INTERCEPT(J100:O100,$J$1:$O$1)) -> 0.487888 | Q100: =LINEST(J100:O100,$J$1:$O$1) -> 1.9747135 | R100: =ROUND(10^((SUM(J100:N100)-2*SUM($J$1:$N$1))/5),3) -> 0.41 | S100: =ROUND(-1.5*((150^2)/(R100*I100))/1000,0) -> -102 | T100: =-4*S100 -> 408 | U100: =ROUND(150/(R100^0.5),0) -> 234 | V100: =ROUND(150*I100*ATAN((1800*SQRT(3*R100))/(3*150))*SQRT(3/(R100)),0) -> 440 | W100: =ROUND(1/SQRT(R100),3) -> 1.562 | Y100: =ROUND(B100-D100,3) -> 289.1 | Z100: =ROUND(D100-F100,3) -> 243 | AA100: =ROUND(F100-G100,3) -> 137.1 | AC100: =((B100)*3*150^2)/(R100*$AC$3^2+3*150^2) -> 804.3 | AD100: =((B100)*3*150^2)/(R100*$AD$3^2+3*150^2) -> 647.08284 | AE100: =((B100)*3*150^2)/(R100*$AE$3^2+3*150^2) -> 520.02155 | AF100: =((B100)*3*150^2)/(R100*$AF$3^2+3*150^2) -> 360.67265 | AG100: =((B100)*3*150^2)/(R100*$AG$3^2+3*150^2) -> 252.3954 | AH100: =((B100)*3*150^2)/(R100*$AH$3^2+3*150^2) -> 135.86149 | AI100: =((B100)*3*150^2)/(R100*$AI$3^2+3*150^2) -> 82.52052
A101: 706 | B101: 789.5 | C101: 622.5 | D101: 510 | E101: 370 | F101: 270.7 | G101: 134.7 | H101: 75.4 | I101: =B101/1000 -> 0.7895 | J101: =LOG10((((3*150*150)*B101)/C101)-((3*150*150))) -> 4.2578809 | K101: =LOG10((((3*150*150)*B101)/D101)-((3*150*150))) -> 4.5681154 | L101: =LOG10((((3*150*150)*B101)/E101)-((3*150*150))) -> 4.883834 | M101: =LOG10((((3*150*150)*B101)/F101)-((3*150*150))) -> 5.1118155 | N101: =LOG10((((3*150*150)*B101)/G101)-((3*150*150))) -> 5.5160448 | O101: =LOG10((((3*150*150)*B101)/H101)-((3*150*150))) -> 5.8056915 | P101: =10^(INTERCEPT(J101:O101,$J$1:$O$1)) -> 0.45981742 | Q101: =LINEST(J101:O101,$J$1:$O$1) -> 1.9804218 | R101: =ROUND(10^((SUM(J101:N101)-2*SUM($J$1:$N$1))/5),3) -> 0.4 | S101: =ROUND(-1.5*((150^2)/(R101*I101))/1000,0) -> -107 | T101: =-4*S101 -> 428 | U101: =ROUND(150/(R101^0.5),0) -> 237 | V101: =ROUND(150*I101*ATAN((1800*SQRT(3*R101))/(3*150))*SQRT(3/(R101)),0) -> 437 | W101: =ROUND(1/SQRT(R101),3) -> 1.581 | Y101: =ROUND(B101-D101,3) -> 279.5 | Z101: =ROUND(D101-F101,3) -> 239.3 | AA101: =ROUND(F101-G101,3) -> 136 | AC101: =((B101)*3*150^2)/(R101*$AC$3^2+3*150^2) -> 789.5 | AD101: =((B101)*3*150^2)/(R101*$AD$3^2+3*150^2) -> 638.21856 | AE101: =((B101)*3*150^2)/(R101*$AE$3^2+3*150^2) -> 514.8913 | AF101: =((B101)*3*150^2)/(R101*$AF$3^2+3*150^2) -> 358.86364 | AG101: =((B101)*3*150^2)/(R101*$AG$3^2+3*150^2) -> 251.96809 | AH101: =((B101)*3*150^2)/(R101*$AH$3^2+3*150^2) -> 136.12069 | AI101: =((B101)*3*150^2)/(R101*$AI$3^2+3*150^2) -> 82.814685
...

Sheet paraméter számoló (3)
B1: 0 | C1: 200 | D1: 300 | E1: 450 | F1: 600 | G1: 900 | H1: 1200 | I1: 0 | J1: =LOG10(C1) -> 2.30103 | K1: =LOG10(D1) -> 2.4771213 | L1: =LOG10(E1) -> 2.6532125 | M1: =LOG10(F1) -> 2.7781513 | N1: =LOG10(G1) -> 2.9542425 | O1: =LOG10(H1) -> 3.0791812
B2: D1 | C2: D2 | D2: D3 | E2: D4 | F2: D5 | G2: D6 | H2: D7 | I2: D1 | J2: D2 | K2: D3 | L2: D4 | M2: D5 | N2: D6 | O2: D7 | P2: α | Q2: β | R2: c | S2: R0 (m) | T2: R1 (m) | U2: L (mm) | V2: T (mm2) | W2: l | Y2: SCI | Z2: BDI | AA2: BCI | AC2: D1 | AD2: D2 | AE2: D3 | AF2: D4 | AG2: D5 | AH2: D6 | AI2: D7
B3: 0 | C3: 200 | D3: 300 | E3: 450 | F3: 600 | G3: 900 | H3: 1200 | AC3: 0 | AD3: 200 | AE3: 300 | AF3: 450 | AG3: 600 | AH3: 900 | AI3: 1200
A4: 378 | B4: 213.8 | C4: 186.4 | D4: 167.8 | E4: 136.2 | F4: 115.7 | G4: 72.7 | H4: 45.2 | I4: =B4/1000 -> 0.2138 | J4: =LOG10((((3*150*150)*B4)/C4)-((3*150*150))) -> 3.9966084 | K4: =LOG10((((3*150*150)*B4)/D4)-((3*150*150))) -> 4.2672696 | L4: =LOG10((((3*150*150)*B4)/E4)-((3*150*150))) -> 4.5849884 | M4: =LOG10((((3*150*150)*B4)/F4)-((3*150*150))) -> 4.7576394 | N4: =LOG10((((3*150*150)*B4)/G4)-((3*150*150))) -> 5.1172964 | O4: =LOG10((((3*150*150)*B4)/H4)-((3*150*150))) -> 5.4010229 | P4: =10^(INTERCEPT(J4:O4,$J$1:$O$1)) -> 0.71307304 | Q4: =LINEST(J4:O4,$J$1:$O$1) -> 1.7857619 | R4: =ROUND(10^((SUM(J4:N4)-2*SUM($J$1:$N$1))/5),3) -> 0.19 | S4: =ROUND(-1.5*((150^2)/(R4*I4))/1000,0) -> -831 | T4: =-4*S4 -> 3324 | U4: =ROUND(150/(R4^0.5),0) -> 344 | V4: =ROUND(150*I4*ATAN((1800*SQRT(3*R4))/(3*150))*SQRT(3/(R4)),0) -> 159 | W4: =ROUND(1/SQRT(R4),3) -> 2.294 | X4: =SLOPE(W4:W15,A4:A15) -> 0.00014753156 | Y4: =ROUND(B4-D4,3) -> 46 | Z4: =ROUND(D4-F4,3) -> 52.1 | AA4: =ROUND(F4-G4,3) -> 43 | AC4: =((B4)*3*150^2)/(R4*$AC$3^2+3*150^2) -> 213.8 | AD4: =((B4)*3*150^2)/(R4*$AD$3^2+3*150^2) -> 192.16378 | AE4: =((B4)*3*150^2)/(R4*$AE$3^2+3*150^2) -> 170.58511 | AF4: =((B4)*3*150^2)/(R4*$AF$3^2+3*150^2) -> 136.17834 | AG4: =((B4)*3*150^2)/(R4*$AG$3^2+3*150^2) -> 106.19205 | AH4: =((B4)*3*150^2)/(R4*$AH$3^2+3*150^2) -> 65.182927 | AI4: =((B4)*3*150^2)/(R4*$AI$3^2+3*150^2) -> 42.308707 | AJ4: =ROUND((-0.07/(2*S4))*1000000,0) -> 42
A5: 380 | B5: 201.6 | C5: 175.2 | D5: 156.7 | E5: 127.5 | F5: 108.1 | G5: 68.1 | H5: 41.6 | I5: =B5/1000 -> 0.2016 | J5: =LOG10((((3*150*150)*B5)/C5)-((3*150*150))) -> 4.0073736 | K5: =LOG10((((3*150*150)*B5)/D5)-((3*150*150))) -> 4.2864811 | L5: =LOG10((((3*150*150)*B5)/E5)-((3*150*150))) -> 4.5936118 | M5: =LOG10((((3*150*150)*B5)/F5)-((3*150*150))) -> 4.7662897 | N5: =LOG10((((3*150*150)*B5)/G5)-((3*150*150))) -> 5.1216379 | O5: =LOG10((((3*150*150)*B5)/H5)-((3*150*150))) -> 5.4143304 | P5: =10^(INTERCEPT(J5:O5,$J$1:$O$1)) -> 0.75966553 | Q5: =LINEST(J5:O5,$J$1:$O$1) -> 1.7796035 | R5: =ROUND(10^((SUM(J5:N5)-2*SUM($J$1:$N$1))/5),3) -> 0.195 | S5: =ROUND(-1.5*((150^2)/(R5*I5))/1000,0) -> -859 | T5: =-4*S5 -> 3436 | U5: =ROUND(150/(R5^0.5),0) -> 340 | V5: =ROUND(150*I5*ATAN((1800*SQRT(3*R5))/(3*150))*SQRT(3/(R5)),0) -> 149 | W5: =ROUND(1/SQRT(R5),3) -> 2.265 | Y5: =ROUND(B5-D5,3) -> 44.9 | Z5: =ROUND(D5-F5,3) -> 48.6 | AA5: =ROUND(F5-G5,3) -> 40 | AC5: =((B5)*3*150^2)/(R5*$AC$3^2+3*150^2) -> 201.6 | AD5: =((B5)*3*150^2)/(R5*$AD$3^2+3*150^2) -> 180.71713 | AE5: =((B5)*3*150^2)/(R5*$AE$3^2+3*150^2) -> 160 | AF5: =((B5)*3*150^2)/(R5*$AF$3^2+3*150^2) -> 127.19243 | AG5: =((B5)*3*150^2)/(R5*$AG$3^2+3*150^2) -> 98.823529 | AH5: =((B5)*3*150^2)/(R5*$AH$3^2+3*150^2) -> 60.359281 | AI5: =((B5)*3*150^2)/(R5*$AI$3^2+3*150^2) -> 39.069767 | AJ5: =ROUND((-0.07/(2*S5))*1000000,0) -> 41
A6: 383 | B6: 199.6 | C6: 173.1 | D6: 155 | E6: 125.7 | F6: 107.1 | G6: 67.1 | H6: 40.8 | I6: =B6/1000 -> 0.1996 | J6: =LOG10((((3*150*150)*B6)/C6)-((3*150*150))) -> 4.0142526 | K6: =LOG10((((3*150*150)*B6)/D6)-((3*150*150))) -> 4.2883069 | L6: =LOG10((((3*150*150)*B6)/E6)-((3*150*150))) -> 4.5986129 | M6: =LOG10((((3*150*150)*B6)/F6)-((3*150*150))) -> 4.765656 | N6: =LOG10((((3*150*150)*B6)/G6)-((3*150*150))) -> 5.1247971 | O6: =LOG10((((3*150*150)*B6)/H6)-((3*150*150))) -> 5.4194941 | P6: =10^(INTERCEPT(J6:O6,$J$1:$O$1)) -> 0.7752686 | Q6: =LINEST(J6:O6,$J$1:$O$1) -> 1.777659 | R6: =ROUND(10^((SUM(J6:N6)-2*SUM($J$1:$N$1))/5),3) -> 0.196 | S6: =ROUND(-1.5*((150^2)/(R6*I6))/1000,0) -> -863 | T6: =-4*S6 -> 3452 | U6: =ROUND(150/(R6^0.5),0) -> 339 | V6: =ROUND(150*I6*ATAN((1800*SQRT(3*R6))/(3*150))*SQRT(3/(R6)),0) -> 147 | W6: =ROUND(1/SQRT(R6),3) -> 2.259 | Y6: =ROUND(B6-D6,3) -> 44.6 | Z6: =ROUND(D6-F6,3) -> 47.9 | AA6: =ROUND(F6-G6,3) -> 40 | AC6: =((B6)*3*150^2)/(R6*$AC$3^2+3*150^2) -> 199.6 | AD6: =((B6)*3*150^2)/(R6*$AD$3^2+3*150^2) -> 178.82931 | AE6: =((B6)*3*150^2)/(R6*$AE$3^2+3*150^2) -> 158.24524 | AF6: =((B6)*3*150^2)/(R6*$AF$3^2+3*150^2) -> 125.6927 | AG6: =((B6)*3*150^2)/(R6*$AG$3^2+3*150^2) -> 97.588005 | AH6: =((B6)*3*150^2)/(R6*$AH$3^2+3*150^2) -> 59.546539 | AI6: =((B6)*3*150^2)/(R6*$AI$3^2+3*150^2) -> 38.522903 | AJ6: =ROUND((-0.07/(2*S6))*1000000,0) -> 41
A7: 383 | B7: 197.5 | C7: 171.5 | D7: 153.7 | E7: 125 | F7: 106.7 | G7: 67 | H7: 40.8 | I7: =B7/1000 -> 0.1975 | J7: =LOG10((((3*150*150)*B7)/C7)-((3*150*150))) -> 4.010013 | K7: =LOG10((((3*150*150)*B7)/D7)-((3*150*150))) -> 4.284104 | L7: =LOG10((((3*150*150)*B7)/E7)-((3*150*150))) -> 4.5927318 | M7: =LOG10((((3*150*150)*B7)/F7)-((3*150*150))) -> 4.7592252 | N7: =LOG10((((3*150*150)*B7)/G7)-((3*150*150))) -> 5.1188395 | O7: =LOG10((((3*150*150)*B7)/H7)-((3*150*150))) -> 5.4137126 | P7: =10^(INTERCEPT(J7:O7,$J$1:$O$1)) -> 0.7778054 | Q7: =LINEST(J7:O7,$J$1:$O$1) -> 1.7751345 | R7: =ROUND(10^((SUM(J7:N7)-2*SUM($J$1:$N$1))/5),3) -> 0.194 | S7: =ROUND(-1.5*((150^2)/(R7*I7))/1000,0) -> -881 | T7: =-4*S7 -> 3524 | U7: =ROUND(150/(R7^0.5),0) -> 341 | V7: =ROUND(150*I7*ATAN((1800*SQRT(3*R7))/(3*150))*SQRT(3/(R7)),0) -> 146 | W7: =ROUND(1/SQRT(R7),3) -> 2.27 | Y7: =ROUND(B7-D7,3) -> 43.8 | Z7: =ROUND(D7-F7,3) -> 47 | AA7: =ROUND(F7-G7,3) -> 39.7 | AC7: =((B7)*3*150^2)/(R7*$AC$3^2+3*150^2) -> 197.5 | AD7: =((B7)*3*150^2)/(R7*$AD$3^2+3*150^2) -> 177.13593 | AE7: =((B7)*3*150^2)/(R7*$AE$3^2+3*150^2) -> 156.91208 | AF7: =((B7)*3*150^2)/(R7*$AF$3^2+3*150^2) -> 124.84197 | AG7: =((B7)*3*150^2)/(R7*$AG$3^2+3*150^2) -> 97.067497 | AH7: =((B7)*3*150^2)/(R7*$AH$3^2+3*150^2) -> 59.344952 | AI7: =((B7)*3*150^2)/(R7*$AI$3^2+3*150^2) -> 38.434094 | AJ7: =ROUND((-0.07/(2*S7))*1000000,0) -> 40
A8: 724 | B8: 363 | C8: 319.2 | D8: 287 | E8: 240.5 | F8: 200.4 | G8: 134.5 | H8: 87.7 | I8: =B8/1000 -> 0.363 | J8: =LOG10((((3*150*150)*B8)/C8)-((3*150*150))) -> 3.966715 | K8: =LOG10((((3*150*150)*B8)/D8)-((3*150*150))) -> 4.2522355 | L8: =LOG10((((3*150*150)*B8)/E8)-((3*150*150))) -> 4.5363248 | M8: =LOG10((((3*150*150)*B8)/F8)-((3*150*150))) -> 4.7385266 | N8: =LOG10((((3*150*150)*B8)/G8)-((3*150*150))) -> 5.0594677 | O8: =LOG10((((3*150*150)*B8)/H8)-((3*150*150))) -> 5.3261104 | P8: =10^(INTERCEPT(J8:O8,$J$1:$O$1)) -> 0.94021169 | Q8: =LINEST(J8:O8,$J$1:$O$1) -> 1.7262902 | R8: =ROUND(10^((SUM(J8:N8)-2*SUM($J$1:$N$1))/5),3) -> 0.176 | S8: =ROUND(-1.5*((150^2)/(R8*I8))/1000,0) -> -528 | T8: =-4*S8 -> 2112 | U8: =ROUND(150/(R8^0.5),0) -> 358 | V8: =ROUND(150*I8*ATAN((1800*SQRT(3*R8))/(3*150))*SQRT(3/(R8)),0) -> 279 | W8: =ROUND(1/SQRT(R8),3) -> 2.384 | Y8: =ROUND(B8-D8,3) -> 76 | Z8: =ROUND(D8-F8,3) -> 86.6 | AA8: =ROUND(F8-G8,3) -> 65.9 | AC8: =((B8)*3*150^2)/(R8*$AC$3^2+3*150^2) -> 363 | AD8: =((B8)*3*150^2)/(R8*$AD$3^2+3*150^2) -> 328.71613 | AE8: =((B8)*3*150^2)/(R8*$AE$3^2+3*150^2) -> 294.00648 | AF8: =((B8)*3*150^2)/(R8*$AF$3^2+3*150^2) -> 237.56545 | AG8: =((B8)*3*150^2)/(R8*$AG$3^2+3*150^2) -> 187.24209 | AH8: =((B8)*3*150^2)/(R8*$AH$3^2+3*150^2) -> 116.64524 | AI8: =((B8)*3*150^2)/(R8*$AI$3^2+3*150^2) -> 76.346046 | AJ8: =ROUND((-0.07/(2*S8))*1000000,0) -> 66
A9: 715 | B9: 350.2 | C9: 308 | D9: 276.6 | E9: 231.3 | F9: 194 | G9: 129.7 | H9: 84.6 | I9: =B9/1000 -> 0.3502 | J9: =LOG10((((3*150*150)*B9)/C9)-((3*150*150))) -> 3.9660655 | K9: =LOG10((((3*150*150)*B9)/D9)-((3*150*150))) -> 4.2543294 | L9: =LOG10((((3*150*150)*B9)/E9)-((3*150*150))) -> 4.54031 | M9: =LOG10((((3*150*150)*B9)/F9)-((3*150*150))) -> 4.7351831 | N9: =LOG10((((3*150*150)*B9)/G9)-((3*150*150))) -> 5.0597724 | O9: =LOG10((((3*150*150)*B9)/H9)-((3*150*150))) -> 5.3261615 | P9: =10^(INTERCEPT(J9:O9,$J$1:$O$1)) -> 0.94907197 | Q9: =LINEST(J9:O9,$J$1:$O$1) -> 1.7249358 | R9: =ROUND(10^((SUM(J9:N9)-2*SUM($J$1:$N$1))/5),3) -> 0.176 | S9: =ROUND(-1.5*((150^2)/(R9*I9))/1000,0) -> -548 | T9: =-4*S9 -> 2192 | U9: =ROUND(150/(R9^0.5),0) -> 358 | V9: =ROUND(150*I9*ATAN((1800*SQRT(3*R9))/(3*150))*SQRT(3/(R9)),0) -> 269 | W9: =ROUND(1/SQRT(R9),3) -> 2.384 | Y9: =ROUND(B9-D9,3) -> 73.6 | Z9: =ROUND(D9-F9,3) -> 82.6 | AA9: =ROUND(F9-G9,3) -> 64.3 | AC9: =((B9)*3*150^2)/(R9*$AC$3^2+3*150^2) -> 350.2 | AD9: =((B9)*3*150^2)/(R9*$AD$3^2+3*150^2) -> 317.12503 | AE9: =((B9)*3*150^2)/(R9*$AE$3^2+3*150^2) -> 283.63931 | AF9: =((B9)*3*150^2)/(R9*$AF$3^2+3*150^2) -> 229.18848 | AG9: =((B9)*3*150^2)/(R9*$AG$3^2+3*150^2) -> 180.63961 | AH9: =((B9)*3*150^2)/(R9*$AH$3^2+3*150^2) -> 112.53213 | AI9: =((B9)*3*150^2)/(R9*$AI$3^2+3*150^2) -> 73.653954 | AJ9: =ROUND((-0.07/(2*S9))*1000000,0) -> 64
A10: 712 | B10: 347.3 | C10: 305.6 | D10: 274.6 | E10: 229.3 | F10: 193.1 | G10: 128.9 | H10: 84.6 | I10: =B10/1000 -> 0.3473 | J10: =LOG10((((3*150*150)*B10)/C10)-((3*150*150))) -> 3.9642865 | K10: =LOG10((((3*150*150)*B10)/D10)-((3*150*150))) -> 4.2521377 | L10: =LOG10((((3*150*150)*B10)/E10)-((3*150*150))) -> 4.5407817 | M10: =LOG10((((3*150*150)*B10)/F10)-((3*150*150))) -> 4.7316059 | N10: =LOG10((((3*150*150)*B10)/G10)-((3*150*150))) -> 5.0583035 | O10: =LOG10((((3*150*150)*B10)/H10)-((3*150*150))) -> 5.3213935 | P10: =10^(INTERCEPT(J10:O10,$J$1:$O$1)) -> 0.96084286 | Q10: =LINEST(J10:O10,$J$1:$O$1) -> 1.7221388 | R10: =ROUND(10^((SUM(J10:N10)-2*SUM($J$1:$N$1))/5),3) -> 0.175 | S10: =ROUND(-1.5*((150^2)/(R10*I10))/1000,0) -> -555 | T10: =-4*S10 -> 2220 | U10: =ROUND(150/(R10^0.5),0) -> 359 | V10: =ROUND(150*I10*ATAN((1800*SQRT(3*R10))/(3*150))*SQRT(3/(R10)),0) -> 267 | W10: =ROUND(1/SQRT(R10),3) -> 2.39 | Y10: =ROUND(B10-D10,3) -> 72.7 | Z10: =ROUND(D10-F10,3) -> 81.5 | AA10: =ROUND(F10-G10,3) -> 64.2 | AC10: =((B10)*3*150^2)/(R10*$AC$3^2+3*150^2) -> 347.3 | AD10: =((B10)*3*150^2)/(R10*$AD$3^2+3*150^2) -> 314.66779 | AE10: =((B10)*3*150^2)/(R10*$AE$3^2+3*150^2) -> 281.59459 | AF10: =((B10)*3*150^2)/(R10*$AF$3^2+3*150^2) -> 227.7377 | AG10: =((B10)*3*150^2)/(R10*$AG$3^2+3*150^2) -> 179.63793 | AH10: =((B10)*3*150^2)/(R10*$AH$3^2+3*150^2) -> 112.03226 | AI10: =((B10)*3*150^2)/(R10*$AI$3^2+3*150^2) -> 73.373239 | AJ10: =ROUND((-0.07/(2*S10))*1000000,0) -> 63
A11: 710 | B11: 345.8 | C11: 304.2 | D11: 273 | E11: 227.4 | F11: 192.9 | G11: 127.8 | H11: 83.9 | I11: =B11/1000 -> 0.3458 | J11: =LOG10((((3*150*150)*B11)/C11)-((3*150*150))) -> 3.9652379 | K11: =LOG10((((3*150*150)*B11)/D11)-((3*150*150))) -> 4.2552725 | L11: =LOG10((((3*150*150)*B11)/E11)-((3*150*150))) -> 4.545865 | M11: =LOG10((((3*150*150)*B11)/F11)-((3*150*150))) -> 4.728379 | N11: =LOG10((((3*150*150)*B11)/G11)-((3*150*150))) -> 5.0612294 | O11: =LOG10((((3*150*150)*B11)/H11)-((3*150*150))) -> 5.3236773 | P11: =10^(INTERCEPT(J11:O11,$J$1:$O$1)) -> 0.96550487 | Q11: =LINEST(J11:O11,$J$1:$O$1) -> 1.7220489 | R11: =ROUND(10^((SUM(J11:N11)-2*SUM($J$1:$N$1))/5),3) -> 0.176 | S11: =ROUND(-1.5*((150^2)/(R11*I11))/1000,0) -> -555 | T11: =-4*S11 -> 2220 | U11: =ROUND(150/(R11^0.5),0) -> 358 | V11: =ROUND(150*I11*ATAN((1800*SQRT(3*R11))/(3*150))*SQRT(3/(R11)),0) -> 265 | W11: =ROUND(1/SQRT(R11),3) -> 2.384 | Y11: =ROUND(B11-D11,3) -> 72.8 | Z11: =ROUND(D11-F11,3) -> 80.1 | AA11: =ROUND(F11-G11,3) -> 65.1 | AC11: =((B11)*3*150^2)/(R11*$AC$3^2+3*150^2) -> 345.8 | AD11: =((B11)*3*150^2)/(R11*$AD$3^2+3*150^2) -> 313.1406 | AE11: =((B11)*3*150^2)/(R11*$AE$3^2+3*150^2) -> 280.07559 | AF11: =((B11)*3*150^2)/(R11*$AF$3^2+3*150^2) -> 226.3089 | AG11: =((B11)*3*150^2)/(R11*$AG$3^2+3*150^2) -> 178.37001 | AH11: =((B11)*3*150^2)/(R11*$AH$3^2+3*150^2) -> 111.11825 | AI11: =((B11)*3*150^2)/(R11*$AI$3^2+3*150^2) -> 72.728547 | AJ11: =ROUND((-0.07/(2*S11))*1000000,0) -> 63
A12: 1372 | B12: 584 | C12: 515.7 | D12: 464.1 | E12: 390.3 | F12: 330.2 | G12: 223.2 | H12: 149.4 | I12: =B12/1000 -> 0.584 | J12: =LOG10((((3*150*150)*B12)/C12)-((3*150*150))) -> 3.9513273 | K12: =LOG10((((3*150*150)*B12)/D12)-((3*150*150))) -> 4.2415114 | L12: =LOG10((((3*150*150)*B12)/E12)-((3*150*150))) -> 4.5250348 | M12: =LOG10((((3*150*150)*B12)/F12)-((3*150*150))) -> 4.7150183 | N12: =LOG10((((3*150*150)*B12)/G12)-((3*150*150))) -> 5.0378761 | O12: =LOG10((((3*150*150)*B12)/H12)-((3*150*150))) -> 5.2930429 | P12: =10^(INTERCEPT(J12:O12,$J$1:$O$1)) -> 1.0411172 | Q12: =LINEST(J12:O12,$J$1:$O$1) -> 1.7028208 | R12: =ROUND(10^((SUM(J12:N12)-2*SUM($J$1:$N$1))/5),3) -> 0.169 | S12: =ROUND(-1.5*((150^2)/(R12*I12))/1000,0) -> -342 | T12: =-4*S12 -> 1368 | U12: =ROUND(150/(R12^0.5),0) -> 365 | V12: =ROUND(150*I12*ATAN((1800*SQRT(3*R12))/(3*150))*SQRT(3/(R12)),0) -> 455 | W12: =ROUND(1/SQRT(R12),3) -> 2.433 | Y12: =ROUND(B12-D12,3) -> 119.9 | Z12: =ROUND(D12-F12,3) -> 133.9 | AA12: =ROUND(F12-G12,3) -> 107 | AC12: =((B12)*3*150^2)/(R12*$AC$3^2+3*150^2) -> 584 | AD12: =((B12)*3*150^2)/(R12*$AD$3^2+3*150^2) -> 530.8376 | AE12: =((B12)*3*150^2)/(R12*$AE$3^2+3*150^2) -> 476.60501 | AF12: =((B12)*3*150^2)/(R12*$AF$3^2+3*150^2) -> 387.52488 | AG12: =((B12)*3*150^2)/(R12*$AG$3^2+3*150^2) -> 307.15288 | AH12: =((B12)*3*150^2)/(R12*$AH$3^2+3*150^2) -> 192.86658 | AI12: =((B12)*3*150^2)/(R12*$AI$3^2+3*150^2) -> 126.8095 | AJ12: =ROUND((-0.07/(2*S12))*1000000,0) -> 102
A13: 1407 | B13: 580.3 | C13: 512.7 | D13: 459.6 | E13: 387.3 | F13: 329.9 | G13: 223 | H13: 148.7 | I13: =B13/1000 -> 0.5803 | J13: =LOG10((((3*150*150)*B13)/C13)-((3*150*150))) -> 3.9493872 | K13: =LOG10((((3*150*150)*B13)/D13)-((3*150*150))) -> 4.248631 | L13: =LOG10((((3*150*150)*B13)/E13)-((3*150*150))) -> 4.5268136 | M13: =LOG10((((3*150*150)*B13)/F13)-((3*150*150))) -> 4.7095558 | N13: =LOG10((((3*150*150)*B13)/G13)-((3*150*150))) -> 5.0340319 | O13: =LOG10((((3*150*150)*B13)/H13)-((3*150*150))) -> 5.2920742 | P13: =10^(INTERCEPT(J13:O13,$J$1:$O$1)) -> 1.0808782 | Q13: =LINEST(J13:O13,$J$1:$O$1) -> 1.6966039 | R13: =ROUND(10^((SUM(J13:N13)-2*SUM($J$1:$N$1))/5),3) -> 0.169 | S13: =ROUND(-1.5*((150^2)/(R13*I13))/1000,0) -> -344 | T13: =-4*S13 -> 1376 | U13: =ROUND(150/(R13^0.5),0) -> 365 | V13: =ROUND(150*I13*ATAN((1800*SQRT(3*R13))/(3*150))*SQRT(3/(R13)),0) -> 452 | W13: =ROUND(1/SQRT(R13),3) -> 2.433 | Y13: =ROUND(B13-D13,3) -> 120.7 | Z13: =ROUND(D13-F13,3) -> 129.7 | AA13: =ROUND(F13-G13,3) -> 106.9 | AC13: =((B13)*3*150^2)/(R13*$AC$3^2+3*150^2) -> 580.3 | AD13: =((B13)*3*150^2)/(R13*$AD$3^2+3*150^2) -> 527.47441 | AE13: =((B13)*3*150^2)/(R13*$AE$3^2+3*150^2) -> 473.58542 | AF13: =((B13)*3*150^2)/(R13*$AF$3^2+3*150^2) -> 385.06967 | AG13: =((B13)*3*150^2)/(R13*$AG$3^2+3*150^2) -> 305.20687 | AH13: =((B13)*3*150^2)/(R13*$AH$3^2+3*150^2) -> 191.64465 | AI13: =((B13)*3*150^2)/(R13*$AI$3^2+3*150^2) -> 126.00608 | AJ13: =ROUND((-0.07/(2*S13))*1000000,0) -> 102
A14: 1404 | B14: 577.4 | C14: 509.5 | D14: 459 | E14: 385.3 | F14: 328 | G14: 221.7 | H14: 147.8 | I14: =B14/1000 -> 0.5774 | J14: =LOG10((((3*150*150)*B14)/C14)-((3*150*150))) -> 3.9540294 | K14: =LOG10((((3*150*150)*B14)/D14)-((3*150*150))) -> 4.2408428 | L14: =LOG10((((3*150*150)*B14)/E14)-((3*150*150))) -> 4.5270321 | M14: =LOG10((((3*150*150)*B14)/F14)-((3*150*150))) -> 4.7103264 | N14: =LOG10((((3*150*150)*B14)/G14)-((3*150*150))) -> 5.0346219 | O14: =LOG10((((3*150*150)*B14)/H14)-((3*150*150))) -> 5.2926936 | P14: =10^(INTERCEPT(J14:O14,$J$1:$O$1)) -> 1.0753444 | Q14: =LINEST(J14:O14,$J$1:$O$1) -> 1.697369 | R14: =ROUND(10^((SUM(J14:N14)-2*SUM($J$1:$N$1))/5),3) -> 0.169 | S14: =ROUND(-1.5*((150^2)/(R14*I14))/1000,0) -> -346 | T14: =-4*S14 -> 1384 | U14: =ROUND(150/(R14^0.5),0) -> 365 | V14: =ROUND(150*I14*ATAN((1800*SQRT(3*R14))/(3*150))*SQRT(3/(R14)),0) -> 450 | W14: =ROUND(1/SQRT(R14),3) -> 2.433 | Y14: =ROUND(B14-D14,3) -> 118.4 | Z14: =ROUND(D14-F14,3) -> 131 | AA14: =ROUND(F14-G14,3) -> 106.3 | AC14: =((B14)*3*150^2)/(R14*$AC$3^2+3*150^2) -> 577.4 | AD14: =((B14)*3*150^2)/(R14*$AD$3^2+3*150^2) -> 524.83841 | AE14: =((B14)*3*150^2)/(R14*$AE$3^2+3*150^2) -> 471.21872 | AF14: =((B14)*3*150^2)/(R14*$AF$3^2+3*150^2) -> 383.14532 | AG14: =((B14)*3*150^2)/(R14*$AG$3^2+3*150^2) -> 303.68163 | AH14: =((B14)*3*150^2)/(R14*$AH$3^2+3*150^2) -> 190.68692 | AI14: =((B14)*3*150^2)/(R14*$AI$3^2+3*150^2) -> 125.37638 | AJ14: =ROUND((-0.07/(2*S14))*1000000,0) -> 101
A15: 1396 | B15: 578.3 | C15: 510.5 | D15: 460.9 | E15: 386.9 | F15: 328.4 | G15: 223.2 | H15: 149 | I15: =B15/1000 -> 0.5783 | J15: =LOG10((((3*150*150)*B15)/C15)-((3*150*150))) -> 3.9525377 | K15: =LOG10((((3*150*150)*B15)/D15)-((3*150*150))) -> 4.2353652 | L15: =LOG10((((3*150*150)*B15)/E15)-((3*150*150))) -> 4.523647 | M15: =LOG10((((3*150*150)*B15)/F15)-((3*150*150))) -> 4.7106669 | N15: =LOG10((((3*150*150)*B15)/G15)-((3*150*150))) -> 5.0309603 | O15: =LOG10((((3*150*150)*B15)/H15)-((3*150*150))) -> 5.2888784 | P15: =10^(INTERCEPT(J15:O15,$J$1:$O$1)) -> 1.0720952 | Q15: =LINEST(J15:O15,$J$1:$O$1) -> 1.6967776 | R15: =ROUND(10^((SUM(J15:N15)-2*SUM($J$1:$N$1))/5),3) -> 0.168 | S15: =ROUND(-1.5*((150^2)/(R15*I15))/1000,0) -> -347 | T15: =-4*S15 -> 1388 | U15: =ROUND(150/(R15^0.5),0) -> 366 | V15: =ROUND(150*I15*ATAN((1800*SQRT(3*R15))/(3*150))*SQRT(3/(R15)),0) -> 452 | W15: =ROUND(1/SQRT(R15),3) -> 2.44 | Y15: =ROUND(B15-D15,3) -> 117.4 | Z15: =ROUND(D15-F15,3) -> 132.5 | AA15: =ROUND(F15-G15,3) -> 105.2 | AC15: =((B15)*3*150^2)/(R15*$AC$3^2+3*150^2) -> 578.3 | AD15: =((B15)*3*150^2)/(R15*$AD$3^2+3*150^2) -> 525.93977 | AE15: =((B15)*3*150^2)/(R15*$AE$3^2+3*150^2) -> 472.46732 | AF15: =((B15)*3*150^2)/(R15*$AF$3^2+3*150^2) -> 384.50798 | AG15: =((B15)*3*150^2)/(R15*$AG$3^2+3*150^2) -> 305.01055 | AH15: =((B15)*3*150^2)/(R15*$AH$3^2+3*150^2) -> 191.74403 | AI15: =((B15)*3*150^2)/(R15*$AI$3^2+3*150^2) -> 126.1562 | AJ15: =ROUND((-0.07/(2*S15))*1000000,0) -> 101
A16: =AVERAGE(A4:A7) -> 381 | B16: =AVERAGE(B4:B7) -> 203.125 | C16: =AVERAGE(C4:C7) -> 176.55 | D16: =AVERAGE(D4:D7) -> 158.3 | E16: =AVERAGE(E4:E7) -> 128.6 | F16: =AVERAGE(F4:F7) -> 109.4 | G16: =AVERAGE(G4:G7) -> 68.725 | H16: =AVERAGE(H4:H7) -> 42.1 | ... W16: =AVERAGE(W4:W7) -> 2.272 | Y16: =AVERAGE(Y4:Y7) -> 44.825 | Z16: =AVERAGE(Z4:Z7) -> 48.9 | AA16: =AVERAGE(AA4:AA7) -> 40.675 | AC16: =AVERAGE(AC4:AC7) -> 203.125 | AD16: =AVERAGE(AD4:AD7) -> 182.21154 | AE16: =AVERAGE(AE4:AE7) -> 161.43561 | AF16: =AVERAGE(AF4:AF7) -> 128.47636 | AG16: =AVERAGE(AG4:AG7) -> 99.917771 | AH16: =AVERAGE(AH4:AH7) -> 61.108425 | AI16: =AVERAGE(AI4:AI7) -> 39.583868
A17: =AVERAGE(A8:A11) -> 715.25 | B17: =AVERAGE(B8:B11) -> 351.575 | C17: =AVERAGE(C8:C11) -> 309.25 | D17: =AVERAGE(D8:D11) -> 277.8 | E17: =AVERAGE(E8:E11) -> 232.125 | F17: =AVERAGE(F8:F11) -> 195.1 | G17: =AVERAGE(G8:G11) -> 130.225 | H17: =AVERAGE(H8:H11) -> 85.2 | ... W17: =AVERAGE(W8:W11) -> 2.3855 | Y17: =AVERAGE(Y8:Y11) -> 73.775 | Z17: =AVERAGE(Z8:Z11) -> 82.7 | AA17: =AVERAGE(AA8:AA11) -> 64.875 | AB17: =AC17/AC16 -> 1.7308308 | AC17: =AVERAGE(AC8:AC11) -> 351.575 | AD17: =AVERAGE(AD8:AD11) -> 318.41238 | AE17: =AVERAGE(AE8:AE11) -> 284.82899 | AF17: =AVERAGE(AF8:AF11) -> 230.20013 | AG17: =AVERAGE(AG8:AG11) -> 181.47241 | AH17: =AVERAGE(AH8:AH11) -> 113.08197 | AI17: =AVERAGE(AI8:AI11) -> 74.025447 | AJ17: =AI17/AI16 -> 1.8700913
A18: =AVERAGE(A12:A15) -> 1394.75 | B18: =AVERAGE(B12:B15) -> 580 | C18: =AVERAGE(C12:C15) -> 512.1 | D18: =AVERAGE(D12:D15) -> 460.9 | E18: =AVERAGE(E12:E15) -> 387.45 | F18: =AVERAGE(F12:F15) -> 329.125 | G18: =AVERAGE(G12:G15) -> 222.775 | H18: =AVERAGE(H12:H15) -> 148.725 | ... W18: =AVERAGE(W12:W15) -> 2.43475 | Y18: =AVERAGE(Y12:Y15) -> 119.1 | Z18: =AVERAGE(Z12:Z15) -> 131.775 | AA18: =AVERAGE(AA12:AA15) -> 106.35 | AB18: =AC18/AC16 -> 2.8553846 | AC18: =AVERAGE(AC12:AC15) -> 580 | AD18: =AVERAGE(AD12:AD15) -> 527.27255 | AE18: =AVERAGE(AE12:AE15) -> 473.46912 | AF18: =AVERAGE(AF12:AF15) -> 385.06196 | AG18: =AVERAGE(AG12:AG15) -> 305.26298 | AH18: =AVERAGE(AH12:AH15) -> 191.73555 | AI18: =AVERAGE(AI12:AI15) -> 126.08704 | AJ18: =AI18/AI16 -> 3.1853137
A20: 378 | B20: 393.5 | C20: 350.87517 | D20: 309.03141 | E20: 243.65325 | F20: 187.97771 | G20: 113.72832 | H20: 73.23201 | I20: =B20/1000 -> 0.3935 | J20: =LOG10((((3*150*150)*B20)/C20)-((3*150*150))) -> 3.9138139 | K20: =LOG10((((3*150*150)*B20)/D20)-((3*150*150))) -> 4.2659964 | L20: =LOG10((((3*150*150)*B20)/E20)-((3*150*150))) -> 4.6181789 | M20: =LOG10((((3*150*150)*B20)/F20)-((3*150*150))) -> 4.8680564 | N20: =LOG10((((3*150*150)*B20)/G20)-((3*150*150))) -> 5.2202389 | O20: =LOG10((((3*150*150)*B20)/H20)-((3*150*150))) -> 5.4701164 | P20: =10^(INTERCEPT(J20:O20,$J$1:$O$1)) -> 0.205 | Q20: =LINEST(J20:O20,$J$1:$O$1) -> 2 | R20: =ROUND(10^((SUM(J20:N20)-2*SUM($J$1:$N$1))/5),3) -> 0.205 | S20: =ROUND(-1.5*((150^2)/(R20*I20))/1000,0) -> -418 | T20: =-4*S20 -> 1672 | U20: =ROUND(150/(R20^0.5),0) -> 331 | V20: =ROUND(150*I20*ATAN((1800*SQRT(3*R20))/(3*150))*SQRT(3/(R20)),0) -> 285 | W20: =ROUND(1/SQRT(R20),3) -> 2.209 | X20: =SLOPE(W20:W31,A20:A31) -> 0.00026392623 | Y20: =ROUND(B20-D20,3) -> 84.469 | Z20: =ROUND(D20-F20,3) -> 121.054 | AA20: =ROUND(F20-G20,3) -> 74.249 | AC20: =((B20)*3*150^2)/(R20*$AC$3^2+3*150^2) -> 393.5 | AD20: =((B20)*3*150^2)/(R20*$AD$3^2+3*150^2) -> 350.87517 | AE20: =((B20)*3*150^2)/(R20*$AE$3^2+3*150^2) -> 309.03141 | AF20: =((B20)*3*150^2)/(R20*$AF$3^2+3*150^2) -> 243.65325 | AG20: =((B20)*3*150^2)/(R20*$AG$3^2+3*150^2) -> 187.97771 | AH20: =((B20)*3*150^2)/(R20*$AH$3^2+3*150^2) -> 113.72832 | AI20: =((B20)*3*150^2)/(R20*$AI$3^2+3*150^2) -> 73.23201
A21: 380 | B21: 370.2 | C21: 329.05583 | D21: 288.91779 | E21: 226.69933 | F21: 174.18444 | G21: 104.81314 | H21: 67.292778 | I21: =B21/1000 -> 0.3702 | J21: =LOG10((((3*150*150)*B21)/C21)-((3*150*150))) -> 3.9263424 | K21: =LOG10((((3*150*150)*B21)/D21)-((3*150*150))) -> 4.278525 | L21: =LOG10((((3*150*150)*B21)/E21)-((3*150*150))) -> 4.6307075 | M21: =LOG10((((3*150*150)*B21)/F21)-((3*150*150))) -> 4.880585 | N21: =LOG10((((3*150*150)*B21)/G21)-((3*150*150))) -> 5.2327675 | O21: =LOG10((((3*150*150)*B21)/H21)-((3*150*150))) -> 5.4826449 | P21: =10^(INTERCEPT(J21:O21,$J$1:$O$1)) -> 0.211 | Q21: =LINEST(J21:O21,$J$1:$O$1) -> 2 | R21: =ROUND(10^((SUM(J21:N21)-2*SUM($J$1:$N$1))/5),3) -> 0.211 | S21: =ROUND(-1.5*((150^2)/(R21*I21))/1000,0) -> -432 | T21: =-4*S21 -> 1728 | U21: =ROUND(150/(R21^0.5),0) -> 327 | V21: =ROUND(150*I21*ATAN((1800*SQRT(3*R21))/(3*150))*SQRT(3/(R21)),0) -> 265 | W21: =ROUND(1/SQRT(R21),3) -> 2.177 | Y21: =ROUND(B21-D21,3) -> 81.282 | Z21: =ROUND(D21-F21,3) -> 114.733 | AA21: =ROUND(F21-G21,3) -> 69.371 | AC21: =((B21)*3*150^2)/(R21*$AC$3^2+3*150^2) -> 370.2 | AD21: =((B21)*3*150^2)/(R21*$AD$3^2+3*150^2) -> 329.05583 | AE21: =((B21)*3*150^2)/(R21*$AE$3^2+3*150^2) -> 288.91779 | AF21: =((B21)*3*150^2)/(R21*$AF$3^2+3*150^2) -> 226.69933 | AG21: =((B21)*3*150^2)/(R21*$AG$3^2+3*150^2) -> 174.18444 | AH21: =((B21)*3*150^2)/(R21*$AH$3^2+3*150^2) -> 104.81314 | AI21: =((B21)*3*150^2)/(R21*$AI$3^2+3*150^2) -> 67.292778
A22: 383 | B22: 365 | C22: 325.29047 | D22: 286.34937 | E22: 225.58714 | F22: 173.91995 | G22: 105.12673 | H22: 67.659417 | I22: =B22/1000 -> 0.365 | J22: =LOG10((((3*150*150)*B22)/C22)-((3*150*150))) -> 3.9159272 | K22: =LOG10((((3*150*150)*B22)/D22)-((3*150*150))) -> 4.2681097 | L22: =LOG10((((3*150*150)*B22)/E22)-((3*150*150))) -> 4.6202922 | M22: =LOG10((((3*150*150)*B22)/F22)-((3*150*150))) -> 4.8701697 | N22: =LOG10((((3*150*150)*B22)/G22)-((3*150*150))) -> 5.2223522 | O22: =LOG10((((3*150*150)*B22)/H22)-((3*150*150))) -> 5.4722297 | P22: =10^(INTERCEPT(J22:O22,$J$1:$O$1)) -> 0.206 | Q22: =LINEST(J22:O22,$J$1:$O$1) -> 2 | R22: =ROUND(10^((SUM(J22:N22)-2*SUM($J$1:$N$1))/5),3) -> 0.206 | S22: =ROUND(-1.5*((150^2)/(R22*I22))/1000,0) -> -449 | T22: =-4*S22 -> 1796 | U22: =ROUND(150/(R22^0.5),0) -> 330 | V22: =ROUND(150*I22*ATAN((1800*SQRT(3*R22))/(3*150))*SQRT(3/(R22)),0) -> 264 | W22: =ROUND(1/SQRT(R22),3) -> 2.203 | Y22: =ROUND(B22-D22,3) -> 78.651 | Z22: =ROUND(D22-F22,3) -> 112.429 | AA22: =ROUND(F22-G22,3) -> 68.793 | AC22: =((B22)*3*150^2)/(R22*$AC$3^2+3*150^2) -> 365 | AD22: =((B22)*3*150^2)/(R22*$AD$3^2+3*150^2) -> 325.29047 | AE22: =((B22)*3*150^2)/(R22*$AE$3^2+3*150^2) -> 286.34937 | AF22: =((B22)*3*150^2)/(R22*$AF$3^2+3*150^2) -> 225.58714 | AG22: =((B22)*3*150^2)/(R22*$AG$3^2+3*150^2) -> 173.91995 | AH22: =((B22)*3*150^2)/(R22*$AH$3^2+3*150^2) -> 105.12673 | AI22: =((B22)*3*150^2)/(R22*$AI$3^2+3*150^2) -> 67.659417
A23: 383 | B23: 363 | C23: 323.50805 | D23: 284.78033 | E23: 224.35105 | F23: 172.96696 | G23: 104.55069 | H23: 67.28868 | I23: =B23/1000 -> 0.363 | J23: =LOG10((((3*150*150)*B23)/C23)-((3*150*150))) -> 3.9159272 | K23: =LOG10((((3*150*150)*B23)/D23)-((3*150*150))) -> 4.2681097 | L23: =LOG10((((3*150*150)*B23)/E23)-((3*150*150))) -> 4.6202922 | M23: =LOG10((((3*150*150)*B23)/F23)-((3*150*150))) -> 4.8701697 | N23: =LOG10((((3*150*150)*B23)/G23)-((3*150*150))) -> 5.2223522 | O23: =LOG10((((3*150*150)*B23)/H23)-((3*150*150))) -> 5.4722297 | P23: =10^(INTERCEPT(J23:O23,$J$1:$O$1)) -> 0.206 | Q23: =LINEST(J23:O23,$J$1:$O$1) -> 2 | R23: =ROUND(10^((SUM(J23:N23)-2*SUM($J$1:$N$1))/5),3) -> 0.206 | S23: =ROUND(-1.5*((150^2)/(R23*I23))/1000,0) -> -451 | T23: =-4*S23 -> 1804 | U23: =ROUND(150/(R23^0.5),0) -> 330 | V23: =ROUND(150*I23*ATAN((1800*SQRT(3*R23))/(3*150))*SQRT(3/(R23)),0) -> 262 | W23: =ROUND(1/SQRT(R23),3) -> 2.203 | Y23: =ROUND(B23-D23,3) -> 78.22 | Z23: =ROUND(D23-F23,3) -> 111.813 | AA23: =ROUND(F23-G23,3) -> 68.416 | AC23: =((B23)*3*150^2)/(R23*$AC$3^2+3*150^2) -> 363 | AD23: =((B23)*3*150^2)/(R23*$AD$3^2+3*150^2) -> 323.50805 | AE23: =((B23)*3*150^2)/(R23*$AE$3^2+3*150^2) -> 284.78033 | AF23: =((B23)*3*150^2)/(R23*$AF$3^2+3*150^2) -> 224.35105 | AG23: =((B23)*3*150^2)/(R23*$AG$3^2+3*150^2) -> 172.96696 | AH23: =((B23)*3*150^2)/(R23*$AH$3^2+3*150^2) -> 104.55069 | AI23: =((B23)*3*150^2)/(R23*$AI$3^2+3*150^2) -> 67.28868
A24: 724 | B24: 640.8 | C24: 575.95206 | D24: 511.2766 | E24: 408.15287 | F24: 318.27815 | G24: 195.36585 | H24: 126.80739 | I24: =B24/1000 -> 0.6408 | J24: =LOG10((((3*150*150)*B24)/C24)-((3*150*150))) -> 3.8808136 | K24: =LOG10((((3*150*150)*B24)/D24)-((3*150*150))) -> 4.2329961 | L24: =LOG10((((3*150*150)*B24)/E24)-((3*150*150))) -> 4.5851786 | M24: =LOG10((((3*150*150)*B24)/F24)-((3*150*150))) -> 4.8350561 | N24: =LOG10((((3*150*150)*B24)/G24)-((3*150*150))) -> 5.1872386 | O24: =LOG10((((3*150*150)*B24)/H24)-((3*150*150))) -> 5.4371161 | P24: =10^(INTERCEPT(J24:O24,$J$1:$O$1)) -> 0.19 | Q24: =LINEST(J24:O24,$J$1:$O$1) -> 2 | R24: =ROUND(10^((SUM(J24:N24)-2*SUM($J$1:$N$1))/5),3) -> 0.19 | S24: =ROUND(-1.5*((150^2)/(R24*I24))/1000,0) -> -277 | T24: =-4*S24 -> 1108 | U24: =ROUND(150/(R24^0.5),0) -> 344 | V24: =ROUND(150*I24*ATAN((1800*SQRT(3*R24))/(3*150))*SQRT(3/(R24)),0) -> 478 | W24: =ROUND(1/SQRT(R24),3) -> 2.294 | Y24: =ROUND(B24-D24,3) -> 129.523 | Z24: =ROUND(D24-F24,3) -> 192.998 | AA24: =ROUND(F24-G24,3) -> 122.912 | AC24: =((B24)*3*150^2)/(R24*$AC$3^2+3*150^2) -> 640.8 | AD24: =((B24)*3*150^2)/(R24*$AD$3^2+3*150^2) -> 575.95206 | AE24: =((B24)*3*150^2)/(R24*$AE$3^2+3*150^2) -> 511.2766 | AF24: =((B24)*3*150^2)/(R24*$AF$3^2+3*150^2) -> 408.15287 | AG24: =((B24)*3*150^2)/(R24*$AG$3^2+3*150^2) -> 318.27815 | AH24: =((B24)*3*150^2)/(R24*$AH$3^2+3*150^2) -> 195.36585 | AI24: =((B24)*3*150^2)/(R24*$AI$3^2+3*150^2) -> 126.80739
A25: 715 | B25: 618.5 | C25: 555.90879 | D25: 493.48404 | E25: 393.94904 | F25: 307.20199 | G25: 188.56707 | H25: 122.39446 | I25: =B25/1000 -> 0.6185 | J25: =LOG10((((3*150*150)*B25)/C25)-((3*150*150))) -> 3.8808136 | K25: =LOG10((((3*150*150)*B25)/D25)-((3*150*150))) -> 4.2329961 | L25: =LOG10((((3*150*150)*B25)/E25)-((3*150*150))) -> 4.5851786 | M25: =LOG10((((3*150*150)*B25)/F25)-((3*150*150))) -> 4.8350561 | N25: =LOG10((((3*150*150)*B25)/G25)-((3*150*150))) -> 5.1872386 | O25: =LOG10((((3*150*150)*B25)/H25)-((3*150*150))) -> 5.4371161 | P25: =10^(INTERCEPT(J25:O25,$J$1:$O$1)) -> 0.19 | Q25: =LINEST(J25:O25,$J$1:$O$1) -> 2 | R25: =ROUND(10^((SUM(J25:N25)-2*SUM($J$1:$N$1))/5),3) -> 0.19 | S25: =ROUND(-1.5*((150^2)/(R25*I25))/1000,0) -> -287 | T25: =-4*S25 -> 1148 | U25: =ROUND(150/(R25^0.5),0) -> 344 | V25: =ROUND(150*I25*ATAN((1800*SQRT(3*R25))/(3*150))*SQRT(3/(R25)),0) -> 461 | W25: =ROUND(1/SQRT(R25),3) -> 2.294 | Y25: =ROUND(B25-D25,3) -> 125.016 | Z25: =ROUND(D25-F25,3) -> 186.282 | AA25: =ROUND(F25-G25,3) -> 118.635 | AC25: =((B25)*3*150^2)/(R25*$AC$3^2+3*150^2) -> 618.5 | AD25: =((B25)*3*150^2)/(R25*$AD$3^2+3*150^2) -> 555.90879 | AE25: =((B25)*3*150^2)/(R25*$AE$3^2+3*150^2) -> 493.48404 | AF25: =((B25)*3*150^2)/(R25*$AF$3^2+3*150^2) -> 393.94904 | AG25: =((B25)*3*150^2)/(R25*$AG$3^2+3*150^2) -> 307.20199 | AH25: =((B25)*3*150^2)/(R25*$AH$3^2+3*150^2) -> 188.56707 | AI25: =((B25)*3*150^2)/(R25*$AI$3^2+3*150^2) -> 122.39446
A26: 712 | B26: 611.2 | C26: 548.76297 | D26: 486.6242 | E26: 387.81726 | F26: 301.97628 | G26: 184.98789 | H26: 119.93721 | I26: =B26/1000 -> 0.6112 | J26: =LOG10((((3*150*150)*B26)/C26)-((3*150*150))) -> 3.8853612 | K26: =LOG10((((3*150*150)*B26)/D26)-((3*150*150))) -> 4.2375437 | L26: =LOG10((((3*150*150)*B26)/E26)-((3*150*150))) -> 4.5897263 | M26: =LOG10((((3*150*150)*B26)/F26)-((3*150*150))) -> 4.8396037 | N26: =LOG10((((3*150*150)*B26)/G26)-((3*150*150))) -> 5.1917862 | O26: =LOG10((((3*150*150)*B26)/H26)-((3*150*150))) -> 5.4416637 | P26: =10^(INTERCEPT(J26:O26,$J$1:$O$1)) -> 0.192 | Q26: =LINEST(J26:O26,$J$1:$O$1) -> 2 | R26: =ROUND(10^((SUM(J26:N26)-2*SUM($J$1:$N$1))/5),3) -> 0.192 | S26: =ROUND(-1.5*((150^2)/(R26*I26))/1000,0) -> -288 | T26: =-4*S26 -> 1152 | U26: =ROUND(150/(R26^0.5),0) -> 342 | V26: =ROUND(150*I26*ATAN((1800*SQRT(3*R26))/(3*150))*SQRT(3/(R26)),0) -> 454 | W26: =ROUND(1/SQRT(R26),3) -> 2.282 | Y26: =ROUND(B26-D26,3) -> 124.576 | Z26: =ROUND(D26-F26,3) -> 184.648 | AA26: =ROUND(F26-G26,3) -> 116.988 | AC26: =((B26)*3*150^2)/(R26*$AC$3^2+3*150^2) -> 611.2 | AD26: =((B26)*3*150^2)/(R26*$AD$3^2+3*150^2) -> 548.76297 | AE26: =((B26)*3*150^2)/(R26*$AE$3^2+3*150^2) -> 486.6242 | AF26: =((B26)*3*150^2)/(R26*$AF$3^2+3*150^2) -> 387.81726 | AG26: =((B26)*3*150^2)/(R26*$AG$3^2+3*150^2) -> 301.97628 | AH26: =((B26)*3*150^2)/(R26*$AH$3^2+3*150^2) -> 184.98789 | AI26: =((B26)*3*150^2)/(R26*$AI$3^2+3*150^2) -> 119.93721
A27: 710 | B27: 607.2 | C27: 544.59208 | D27: 482.41525 | E27: 383.81795 | F27: 298.42726 | G27: 182.45192 | H27: 118.16295 | I27: =B27/1000 -> 0.6072 | J27: =LOG10((((3*150*150)*B27)/C27)-((3*150*150))) -> 3.8898617 | K27: =LOG10((((3*150*150)*B27)/D27)-((3*150*150))) -> 4.2420442 | L27: =LOG10((((3*150*150)*B27)/E27)-((3*150*150))) -> 4.5942268 | M27: =LOG10((((3*150*150)*B27)/F27)-((3*150*150))) -> 4.8441042 | N27: =LOG10((((3*150*150)*B27)/G27)-((3*150*150))) -> 5.1962867 | O27: =LOG10((((3*150*150)*B27)/H27)-((3*150*150))) -> 5.4461642 | P27: =10^(INTERCEPT(J27:O27,$J$1:$O$1)) -> 0.194 | Q27: =LINEST(J27:O27,$J$1:$O$1) -> 2 | R27: =ROUND(10^((SUM(J27:N27)-2*SUM($J$1:$N$1))/5),3) -> 0.194 | S27: =ROUND(-1.5*((150^2)/(R27*I27))/1000,0) -> -287 | T27: =-4*S27 -> 1148 | U27: =ROUND(150/(R27^0.5),0) -> 341 | V27: =ROUND(150*I27*ATAN((1800*SQRT(3*R27))/(3*150))*SQRT(3/(R27)),0) -> 449 | W27: =ROUND(1/SQRT(R27),3) -> 2.27 | Y27: =ROUND(B27-D27,3) -> 124.785 | Z27: =ROUND(D27-F27,3) -> 183.988 | AA27: =ROUND(F27-G27,3) -> 115.975 | AC27: =((B27)*3*150^2)/(R27*$AC$3^2+3*150^2) -> 607.2 | AD27: =((B27)*3*150^2)/(R27*$AD$3^2+3*150^2) -> 544.59208 | AE27: =((B27)*3*150^2)/(R27*$AE$3^2+3*150^2) -> 482.41525 | AF27: =((B27)*3*150^2)/(R27*$AF$3^2+3*150^2) -> 383.81795 | AG27: =((B27)*3*150^2)/(R27*$AG$3^2+3*150^2) -> 298.42726 | AH27: =((B27)*3*150^2)/(R27*$AH$3^2+3*150^2) -> 182.45192 | AI27: =((B27)*3*150^2)/(R27*$AI$3^2+3*150^2) -> 118.16295
A28: 1372 | B28: 1012 | C28: 922.85869 | D28: 831.3253 | E28: 679.65077 | F28: 541.36947 | G28: 342.35453 | H28: 226.0274 | I28: =B28/1000 -> 1.012 | J28: =LOG10((((3*150*150)*B28)/C28)-((3*150*150))) -> 3.8142476 | K28: =LOG10((((3*150*150)*B28)/D28)-((3*150*150))) -> 4.1664301 | L28: =LOG10((((3*150*150)*B28)/E28)-((3*150*150))) -> 4.5186126 | M28: =LOG10((((3*150*150)*B28)/F28)-((3*150*150))) -> 4.7684901 | N28: =LOG10((((3*150*150)*B28)/G28)-((3*150*150))) -> 5.1206726 | O28: =LOG10((((3*150*150)*B28)/H28)-((3*150*150))) -> 5.3705501 | P28: =10^(INTERCEPT(J28:O28,$J$1:$O$1)) -> 0.163 | Q28: =LINEST(J28:O28,$J$1:$O$1) -> 2 | R28: =ROUND(10^((SUM(J28:N28)-2*SUM($J$1:$N$1))/5),3) -> 0.163 | S28: =ROUND(-1.5*((150^2)/(R28*I28))/1000,0) -> -205 | T28: =-4*S28 -> 820 | U28: =ROUND(150/(R28^0.5),0) -> 372 | V28: =ROUND(150*I28*ATAN((1800*SQRT(3*R28))/(3*150))*SQRT(3/(R28)),0) -> 799 | W28: =ROUND(1/SQRT(R28),3) -> 2.477 | Y28: =ROUND(B28-D28,3) -> 180.675 | Z28: =ROUND(D28-F28,3) -> 289.956 | AA28: =ROUND(F28-G28,3) -> 199.015 | AC28: =((B28)*3*150^2)/(R28*$AC$3^2+3*150^2) -> 1012 | AD28: =((B28)*3*150^2)/(R28*$AD$3^2+3*150^2) -> 922.85869 | AE28: =((B28)*3*150^2)/(R28*$AE$3^2+3*150^2) -> 831.3253 | AF28: =((B28)*3*150^2)/(R28*$AF$3^2+3*150^2) -> 679.65077 | AG28: =((B28)*3*150^2)/(R28*$AG$3^2+3*150^2) -> 541.36947 | AH28: =((B28)*3*150^2)/(R28*$AH$3^2+3*150^2) -> 342.35453 | AI28: =((B28)*3*150^2)/(R28*$AI$3^2+3*150^2) -> 226.0274
A29: 1407 | B29: 1025.4 | C29: 933.56488 | D29: 839.57424 | E29: 684.51268 | F29: 543.8826 | G29: 342.7139 | H29: 225.79272 | I29: =B29/1000 -> 1.0254 | J29: =LOG10((((3*150*150)*B29)/C29)-((3*150*150))) -> 3.8221681 | K29: =LOG10((((3*150*150)*B29)/D29)-((3*150*150))) -> 4.1743506 | L29: =LOG10((((3*150*150)*B29)/E29)-((3*150*150))) -> 4.5265331 | M29: =LOG10((((3*150*150)*B29)/F29)-((3*150*150))) -> 4.7764106 | N29: =LOG10((((3*150*150)*B29)/G29)-((3*150*150))) -> 5.1285931 | O29: =LOG10((((3*150*150)*B29)/H29)-((3*150*150))) -> 5.3784706 | P29: =10^(INTERCEPT(J29:O29,$J$1:$O$1)) -> 0.166 | Q29: =LINEST(J29:O29,$J$1:$O$1) -> 2 | R29: =ROUND(10^((SUM(J29:N29)-2*SUM($J$1:$N$1))/5),3) -> 0.166 | S29: =ROUND(-1.5*((150^2)/(R29*I29))/1000,0) -> -198 | T29: =-4*S29 -> 792 | U29: =ROUND(150/(R29^0.5),0) -> 368 | V29: =ROUND(150*I29*ATAN((1800*SQRT(3*R29))/(3*150))*SQRT(3/(R29)),0) -> 804 | W29: =ROUND(1/SQRT(R29),3) -> 2.454 | Y29: =ROUND(B29-D29,3) -> 185.826 | Z29: =ROUND(D29-F29,3) -> 295.692 | AA29: =ROUND(F29-G29,3) -> 201.169 | AC29: =((B29)*3*150^2)/(R29*$AC$3^2+3*150^2) -> 1025.4 | AD29: =((B29)*3*150^2)/(R29*$AD$3^2+3*150^2) -> 933.56488 | AE29: =((B29)*3*150^2)/(R29*$AE$3^2+3*150^2) -> 839.57424 | AF29: =((B29)*3*150^2)/(R29*$AF$3^2+3*150^2) -> 684.51268 | AG29: =((B29)*3*150^2)/(R29*$AG$3^2+3*150^2) -> 543.8826 | AH29: =((B29)*3*150^2)/(R29*$AH$3^2+3*150^2) -> 342.7139 | AI29: =((B29)*3*150^2)/(R29*$AI$3^2+3*150^2) -> 225.79272
A30: 1404 | B30: 1020.2 | C30: 929.83392 | D30: 837.14442 | E30: 683.78016 | F30: 544.20341 | G30: 343.73315 | H30: 226.7783 | I30: =B30/1000 -> 1.0202 | J30: =LOG10((((3*150*150)*B30)/C30)-((3*150*150))) -> 3.8169038 | K30: =LOG10((((3*150*150)*B30)/D30)-((3*150*150))) -> 4.1690864 | L30: =LOG10((((3*150*150)*B30)/E30)-((3*150*150))) -> 4.5212689 | M30: =LOG10((((3*150*150)*B30)/F30)-((3*150*150))) -> 4.7711463 | N30: =LOG10((((3*150*150)*B30)/G30)-((3*150*150))) -> 5.1233289 | O30: =LOG10((((3*150*150)*B30)/H30)-((3*150*150))) -> 5.3732063 | P30: =10^(INTERCEPT(J30:O30,$J$1:$O$1)) -> 0.164 | Q30: =LINEST(J30:O30,$J$1:$O$1) -> 2 | R30: =ROUND(10^((SUM(J30:N30)-2*SUM($J$1:$N$1))/5),3) -> 0.164 | S30: =ROUND(-1.5*((150^2)/(R30*I30))/1000,0) -> -202 | T30: =-4*S30 -> 808 | U30: =ROUND(150/(R30^0.5),0) -> 370 | V30: =ROUND(150*I30*ATAN((1800*SQRT(3*R30))/(3*150))*SQRT(3/(R30)),0) -> 804 | W30: =ROUND(1/SQRT(R30),3) -> 2.469 | Y30: =ROUND(B30-D30,3) -> 183.056 | Z30: =ROUND(D30-F30,3) -> 292.941 | AA30: =ROUND(F30-G30,3) -> 200.47 | AC30: =((B30)*3*150^2)/(R30*$AC$3^2+3*150^2) -> 1020.2 | AD30: =((B30)*3*150^2)/(R30*$AD$3^2+3*150^2) -> 929.83392 | AE30: =((B30)*3*150^2)/(R30*$AE$3^2+3*150^2) -> 837.14442 | AF30: =((B30)*3*150^2)/(R30*$AF$3^2+3*150^2) -> 683.78016 | AG30: =((B30)*3*150^2)/(R30*$AG$3^2+3*150^2) -> 544.20341 | AH30: =((B30)*3*150^2)/(R30*$AH$3^2+3*150^2) -> 343.73315 | AI30: =((B30)*3*150^2)/(R30*$AI$3^2+3*150^2) -> 226.7783
A31: 1396 | B31: 1016.7 | C31: 926.14372 | D31: 833.36066 | E31: 680.06689 | F31: 540.79787 | G31: 341.1745 | H31: 224.93363 | I31: =B31/1000 -> 1.0167 | J31: =LOG10((((3*150*150)*B31)/C31)-((3*150*150))) -> 3.8195439 | K31: =LOG10((((3*150*150)*B31)/D31)-((3*150*150))) -> 4.1717265 | L31: =LOG10((((3*150*150)*B31)/E31)-((3*150*150))) -> 4.523909 | M31: =LOG10((((3*150*150)*B31)/F31)-((3*150*150))) -> 4.7737864 | N31: =LOG10((((3*150*150)*B31)/G31)-((3*150*150))) -> 5.125969 | O31: =LOG10((((3*150*150)*B31)/H31)-((3*150*150))) -> 5.3758464 | P31: =10^(INTERCEPT(J31:O31,$J$1:$O$1)) -> 0.165 | Q31: =LINEST(J31:O31,$J$1:$O$1) -> 2 | R31: =ROUND(10^((SUM(J31:N31)-2*SUM($J$1:$N$1))/5),3) -> 0.165 | S31: =ROUND(-1.5*((150^2)/(R31*I31))/1000,0) -> -201 | T31: =-4*S31 -> 804 | U31: =ROUND(150/(R31^0.5),0) -> 369 | V31: =ROUND(150*I31*ATAN((1800*SQRT(3*R31))/(3*150))*SQRT(3/(R31)),0) -> 799 | W31: =ROUND(1/SQRT(R31),3) -> 2.462 | Y31: =ROUND(B31-D31,3) -> 183.339 | Z31: =ROUND(D31-F31,3) -> 292.563 | AA31: =ROUND(F31-G31,3) -> 199.623 | AC31: =((B31)*3*150^2)/(R31*$AC$3^2+3*150^2) -> 1016.7 | AD31: =((B31)*3*150^2)/(R31*$AD$3^2+3*150^2) -> 926.14372 | AE31: =((B31)*3*150^2)/(R31*$AE$3^2+3*150^2) -> 833.36066 | AF31: =((B31)*3*150^2)/(R31*$AF$3^2+3*150^2) -> 680.06689 | AG31: =((B31)*3*150^2)/(R31*$AG$3^2+3*150^2) -> 540.79787 | AH31: =((B31)*3*150^2)/(R31*$AH$3^2+3*150^2) -> 341.1745 | AI31: =((B31)*3*150^2)/(R31*$AI$3^2+3*150^2) -> 224.93363
A32: =AVERAGE(A20:A23) -> 381 | B32: =AVERAGE(B20:B23) -> 372.925 | C32: =AVERAGE(C20:C23) -> 332.18238 | D32: =AVERAGE(D20:D23) -> 292.26973 | E32: =AVERAGE(E20:E23) -> 230.07269 | F32: =AVERAGE(F20:F23) -> 177.26227 | G32: =AVERAGE(G20:G23) -> 107.05472 | H32: =AVERAGE(H20:H23) -> 68.868221 | ... W32: =AVERAGE(W20:W23) -> 2.198 | X32: =SLOPE(W32:W34,A32:A34) -> 0.00026413033 | Y32: =AVERAGE(Y20:Y23) -> 80.6555 | Z32: =AVERAGE(Z20:Z23) -> 115.00725 | AA32: =AVERAGE(AA20:AA23) -> 70.20725 | AC32: =AVERAGE(AC20:AC23) -> 372.925 | AD32: =AVERAGE(AD20:AD23) -> 332.18238 | AE32: =AVERAGE(AE20:AE23) -> 292.26973 | AF32: =AVERAGE(AF20:AF23) -> 230.07269 | AG32: =AVERAGE(AG20:AG23) -> 177.26227 | AH32: =AVERAGE(AH20:AH23) -> 107.05472 | AI32: =AVERAGE(AI20:AI23) -> 68.868221
A33: =AVERAGE(A24:A27) -> 715.25 | B33: =AVERAGE(B24:B27) -> 619.425 | C33: =AVERAGE(C24:C27) -> 556.30398 | D33: =AVERAGE(D24:D27) -> 493.45002 | E33: =AVERAGE(E24:E27) -> 393.43428 | F33: =AVERAGE(F24:F27) -> 306.47092 | G33: =AVERAGE(G24:G27) -> 187.84319 | H33: =AVERAGE(H24:H27) -> 121.8255 | ... W33: =AVERAGE(W24:W27) -> 2.285 | Y33: =AVERAGE(Y24:Y27) -> 125.975 | Z33: =AVERAGE(Z24:Z27) -> 186.979 | AA33: =AVERAGE(AA24:AA27) -> 118.6275 | AB33: =AC33/AC32 -> 1.6609908 | AC33: =AVERAGE(AC24:AC27) -> 619.425 | AD33: =AVERAGE(AD24:AD27) -> 556.30398 | AE33: =AVERAGE(AE24:AE27) -> 493.45002 | AF33: =AVERAGE(AF24:AF27) -> 393.43428 | AG33: =AVERAGE(AG24:AG27) -> 306.47092 | AH33: =AVERAGE(AH24:AH27) -> 187.84319 | AI33: =AVERAGE(AI24:AI27) -> 121.8255 | AJ33: =AI33/AI32 -> 1.7689654
A34: =AVERAGE(A28:A31) -> 1394.75 | B34: =AVERAGE(B28:B31) -> 1018.575 | C34: =AVERAGE(C28:C31) -> 928.1003 | D34: =AVERAGE(D28:D31) -> 835.35115 | E34: =AVERAGE(E28:E31) -> 682.00263 | F34: =AVERAGE(F28:F31) -> 542.56334 | G34: =AVERAGE(G28:G31) -> 342.49402 | H34: =AVERAGE(H28:H31) -> 225.88301 | ... W34: =AVERAGE(W28:W31) -> 2.4655 | Y34: =AVERAGE(Y28:Y31) -> 183.224 | Z34: =AVERAGE(Z28:Z31) -> 292.788 | AA34: =AVERAGE(AA28:AA31) -> 200.06925 | AB34: =AC34/AC32 -> 2.7313133 | AC34: =AVERAGE(AC28:AC31) -> 1018.575 | AD34: =AVERAGE(AD28:AD31) -> 928.1003 | AE34: =AVERAGE(AE28:AE31) -> 835.35115 | AF34: =AVERAGE(AF28:AF31) -> 682.00263 | AG34: =AVERAGE(AG28:AG31) -> 542.56334 | AH34: =AVERAGE(AH28:AH31) -> 342.49402 | AI34: =AVERAGE(AI28:AI31) -> 225.88301 | AJ34: =AI34/AI32 -> 3.279931
A35: 370 | B35: 371.1 | C35: 337.13661 | D35: 302.52717 | E35: 245.76159 | F35: 194.63287 | G35: 122.07237 | H35: 80.208934 | I35: =B35/1000 -> 0.3711 | J35: =LOG10((((3*150*150)*B35)/C35)-((3*150*150))) -> 3.8325089 | K35: =LOG10((((3*150*150)*B35)/D35)-((3*150*150))) -> 4.1846914 | L35: =LOG10((((3*150*150)*B35)/E35)-((3*150*150))) -> 4.5368739 | M35: =LOG10((((3*150*150)*B35)/F35)-((3*150*150))) -> 4.7867514 | N35: =LOG10((((3*150*150)*B35)/G35)-((3*150*150))) -> 5.1389339 | O35: =LOG10((((3*150*150)*B35)/H35)-((3*150*150))) -> 5.3888114 | P35: =10^(INTERCEPT(J35:O35,$J$1:$O$1)) -> 0.17 | Q35: =LINEST(J35:O35,$J$1:$O$1) -> 2 | R35: =ROUND(10^((SUM(J35:N35)-2*SUM($J$1:$N$1))/5),3) -> 0.17 | S35: =ROUND(-1.5*((150^2)/(R35*I35))/1000,0) -> -535 | T35: =-4*S35 -> 2140 | U35: =ROUND(150/(R35^0.5),0) -> 364 | V35: =ROUND(150*I35*ATAN((1800*SQRT(3*R35))/(3*150))*SQRT(3/(R35)),0) -> 289 | W35: =ROUND(1/SQRT(R35),3) -> 2.425 | X35: =SLOPE(W35:W46,A35:A46) -> 0.00021087966 | Y35: =ROUND(B35-D35,3) -> 68.573 | Z35: =ROUND(D35-F35,3) -> 107.894 | AA35: =ROUND(F35-G35,3) -> 72.56 | AC35: =((B35)*3*150^2)/(R35*$AC$3^2+3*150^2) -> 371.1 | AD35: =((B35)*3*150^2)/(R35*$AD$3^2+3*150^2) -> 337.13661 | AE35: =((B35)*3*150^2)/(R35*$AE$3^2+3*150^2) -> 302.52717 | AF35: =((B35)*3*150^2)/(R35*$AF$3^2+3*150^2) -> 245.76159 | AG35: =((B35)*3*150^2)/(R35*$AG$3^2+3*150^2) -> 194.63287 | AH35: =((B35)*3*150^2)/(R35*$AH$3^2+3*150^2) -> 122.07237 | AI35: =((B35)*3*150^2)/(R35*$AI$3^2+3*150^2) -> 80.208934
A36: 359 | B36: 353.3 | C36: 320.62046 | D36: 287.39154 | E36: 233.04749 | F36: 184.26634 | G36: 115.30679 | H36: 75.663906 | I36: =B36/1000 -> 0.3533 | J36: =LOG10((((3*150*150)*B36)/C36)-((3*150*150))) -> 3.8375884 | K36: =LOG10((((3*150*150)*B36)/D36)-((3*150*150))) -> 4.189771 | L36: =LOG10((((3*150*150)*B36)/E36)-((3*150*150))) -> 4.5419535 | M36: =LOG10((((3*150*150)*B36)/F36)-((3*150*150))) -> 4.7918309 | N36: =LOG10((((3*150*150)*B36)/G36)-((3*150*150))) -> 5.1440135 | O36: =LOG10((((3*150*150)*B36)/H36)-((3*150*150))) -> 5.3938909 | P36: =10^(INTERCEPT(J36:O36,$J$1:$O$1)) -> 0.172 | Q36: =LINEST(J36:O36,$J$1:$O$1) -> 2 | R36: =ROUND(10^((SUM(J36:N36)-2*SUM($J$1:$N$1))/5),3) -> 0.172 | S36: =ROUND(-1.5*((150^2)/(R36*I36))/1000,0) -> -555 | T36: =-4*S36 -> 2220 | U36: =ROUND(150/(R36^0.5),0) -> 362 | V36: =ROUND(150*I36*ATAN((1800*SQRT(3*R36))/(3*150))*SQRT(3/(R36)),0) -> 274 | W36: =ROUND(1/SQRT(R36),3) -> 2.411 | Y36: =ROUND(B36-D36,3) -> 65.908 | Z36: =ROUND(D36-F36,3) -> 103.125 | AA36: =ROUND(F36-G36,3) -> 68.96 | AC36: =((B36)*3*150^2)/(R36*$AC$3^2+3*150^2) -> 353.3 | AD36: =((B36)*3*150^2)/(R36*$AD$3^2+3*150^2) -> 320.62046 | AE36: =((B36)*3*150^2)/(R36*$AE$3^2+3*150^2) -> 287.39154 | AF36: =((B36)*3*150^2)/(R36*$AF$3^2+3*150^2) -> 233.04749 | AG36: =((B36)*3*150^2)/(R36*$AG$3^2+3*150^2) -> 184.26634 | AH36: =((B36)*3*150^2)/(R36*$AH$3^2+3*150^2) -> 115.30679 | AI36: =((B36)*3*150^2)/(R36*$AI$3^2+3*150^2) -> 75.663906
A37: 360 | B37: 346.2 | C37: 314.34625 | D37: 281.92182 | E37: 228.81692 | F37: 181.06695 | G37: 113.43381 | H37: 74.483649 | I37: =B37/1000 -> 0.3462 | J37: =LOG10((((3*150*150)*B37)/C37)-((3*150*150))) -> 3.8350561 | K37: =LOG10((((3*150*150)*B37)/D37)-((3*150*150))) -> 4.1872386 | L37: =LOG10((((3*150*150)*B37)/E37)-((3*150*150))) -> 4.5394211 | M37: =LOG10((((3*150*150)*B37)/F37)-((3*150*150))) -> 4.7892986 | N37: =LOG10((((3*150*150)*B37)/G37)-((3*150*150))) -> 5.1414811 | O37: =LOG10((((3*150*150)*B37)/H37)-((3*150*150))) -> 5.3913586 | P37: =10^(INTERCEPT(J37:O37,$J$1:$O$1)) -> 0.171 | Q37: =LINEST(J37:O37,$J$1:$O$1) -> 2 | R37: =ROUND(10^((SUM(J37:N37)-2*SUM($J$1:$N$1))/5),3) -> 0.171 | S37: =ROUND(-1.5*((150^2)/(R37*I37))/1000,0) -> -570 | T37: =-4*S37 -> 2280 | U37: =ROUND(150/(R37^0.5),0) -> 363 | V37: =ROUND(150*I37*ATAN((1800*SQRT(3*R37))/(3*150))*SQRT(3/(R37)),0) -> 269 | W37: =ROUND(1/SQRT(R37),3) -> 2.418 | Y37: =ROUND(B37-D37,3) -> 64.278 | Z37: =ROUND(D37-F37,3) -> 100.855 | AA37: =ROUND(F37-G37,3) -> 67.633 | AC37: =((B37)*3*150^2)/(R37*$AC$3^2+3*150^2) -> 346.2 | AD37: =((B37)*3*150^2)/(R37*$AD$3^2+3*150^2) -> 314.34625 | AE37: =((B37)*3*150^2)/(R37*$AE$3^2+3*150^2) -> 281.92182 | AF37: =((B37)*3*150^2)/(R37*$AF$3^2+3*150^2) -> 228.81692 | AG37: =((B37)*3*150^2)/(R37*$AG$3^2+3*150^2) -> 181.06695 | AH37: =((B37)*3*150^2)/(R37*$AH$3^2+3*150^2) -> 113.43381 | AI37: =((B37)*3*150^2)/(R37*$AI$3^2+3*150^2) -> 74.483649
A38: 363 | B38: 347.2 | C38: 314.74617 | D38: 281.81818 | E38: 228.12089 | F38: 180.08299 | G38: 112.43523 | H38: 73.684211 | I38: =B38/1000 -> 0.3472 | J38: =LOG10((((3*150*150)*B38)/C38)-((3*150*150))) -> 3.8426092 | K38: =LOG10((((3*150*150)*B38)/D38)-((3*150*150))) -> 4.1947918 | L38: =LOG10((((3*150*150)*B38)/E38)-((3*150*150))) -> 4.5469743 | M38: =LOG10((((3*150*150)*B38)/F38)-((3*150*150))) -> 4.7968517 | N38: =LOG10((((3*150*150)*B38)/G38)-((3*150*150))) -> 5.1490343 | O38: =LOG10((((3*150*150)*B38)/H38)-((3*150*150))) -> 5.3989117 | P38: =10^(INTERCEPT(J38:O38,$J$1:$O$1)) -> 0.174 | Q38: =LINEST(J38:O38,$J$1:$O$1) -> 2 | R38: =ROUND(10^((SUM(J38:N38)-2*SUM($J$1:$N$1))/5),3) -> 0.174 | S38: =ROUND(-1.5*((150^2)/(R38*I38))/1000,0) -> -559 | T38: =-4*S38 -> 2236 | U38: =ROUND(150/(R38^0.5),0) -> 360 | V38: =ROUND(150*I38*ATAN((1800*SQRT(3*R38))/(3*150))*SQRT(3/(R38)),0) -> 268 | W38: =ROUND(1/SQRT(R38),3) -> 2.397 | Y38: =ROUND(B38-D38,3) -> 65.382 | Z38: =ROUND(D38-F38,3) -> 101.735 | AA38: =ROUND(F38-G38,3) -> 67.648 | AC38: =((B38)*3*150^2)/(R38*$AC$3^2+3*150^2) -> 347.2 | AD38: =((B38)*3*150^2)/(R38*$AD$3^2+3*150^2) -> 314.74617 | AE38: =((B38)*3*150^2)/(R38*$AE$3^2+3*150^2) -> 281.81818 | AF38: =((B38)*3*150^2)/(R38*$AF$3^2+3*150^2) -> 228.12089 | AG38: =((B38)*3*150^2)/(R38*$AG$3^2+3*150^2) -> 180.08299 | AH38: =((B38)*3*150^2)/(R38*$AH$3^2+3*150^2) -> 112.43523 | AI38: =((B38)*3*150^2)/(R38*$AI$3^2+3*150^2) -> 73.684211
A39: 692 | B39: 606.1 | C39: 552.7121 | D39: 497.89157 | E39: 407.05171 | F39: 324.23324 | G39: 205.0406 | H39: 135.37076 | I39: =B39/1000 -> 0.6061 | J39: =LOG10((((3*150*150)*B39)/C39)-((3*150*150))) -> 3.8142476 | K39: =LOG10((((3*150*150)*B39)/D39)-((3*150*150))) -> 4.1664301 | L39: =LOG10((((3*150*150)*B39)/E39)-((3*150*150))) -> 4.5186126 | M39: =LOG10((((3*150*150)*B39)/F39)-((3*150*150))) -> 4.7684901 | N39: =LOG10((((3*150*150)*B39)/G39)-((3*150*150))) -> 5.1206726 | O39: =LOG10((((3*150*150)*B39)/H39)-((3*150*150))) -> 5.3705501 | P39: =10^(INTERCEPT(J39:O39,$J$1:$O$1)) -> 0.163 | Q39: =LINEST(J39:O39,$J$1:$O$1) -> 2 | R39: =ROUND(10^((SUM(J39:N39)-2*SUM($J$1:$N$1))/5),3) -> 0.163 | S39: =ROUND(-1.5*((150^2)/(R39*I39))/1000,0) -> -342 | T39: =-4*S39 -> 1368 | U39: =ROUND(150/(R39^0.5),0) -> 372 | V39: =ROUND(150*I39*ATAN((1800*SQRT(3*R39))/(3*150))*SQRT(3/(R39)),0) -> 479 | W39: =ROUND(1/SQRT(R39),3) -> 2.477 | Y39: =ROUND(B39-D39,3) -> 108.208 | Z39: =ROUND(D39-F39,3) -> 173.658 | AA39: =ROUND(F39-G39,3) -> 119.193 | AC39: =((B39)*3*150^2)/(R39*$AC$3^2+3*150^2) -> 606.1 | AD39: =((B39)*3*150^2)/(R39*$AD$3^2+3*150^2) -> 552.7121 | AE39: =((B39)*3*150^2)/(R39*$AE$3^2+3*150^2) -> 497.89157 | AF39: =((B39)*3*150^2)/(R39*$AF$3^2+3*150^2) -> 407.05171 | AG39: =((B39)*3*150^2)/(R39*$AG$3^2+3*150^2) -> 324.23324 | AH39: =((B39)*3*150^2)/(R39*$AH$3^2+3*150^2) -> 205.0406 | AI39: =((B39)*3*150^2)/(R39*$AI$3^2+3*150^2) -> 135.37076
A40: 719 | B40: 614.5 | C40: 560.67518 | D40: 505.34539 | E40: 413.52624 | F40: 329.66738 | G40: 208.72962 | H40: 137.90395 | I40: =B40/1000 -> 0.6145 | J40: =LOG10((((3*150*150)*B40)/C40)-((3*150*150))) -> 3.811575 | K40: =LOG10((((3*150*150)*B40)/D40)-((3*150*150))) -> 4.1637575 | L40: =LOG10((((3*150*150)*B40)/E40)-((3*150*150))) -> 4.51594 | M40: =LOG10((((3*150*150)*B40)/F40)-((3*150*150))) -> 4.7658175 | N40: =LOG10((((3*150*150)*B40)/G40)-((3*150*150))) -> 5.118 | O40: =LOG10((((3*150*150)*B40)/H40)-((3*150*150))) -> 5.3678775 | P40: =10^(INTERCEPT(J40:O40,$J$1:$O$1)) -> 0.162 | Q40: =LINEST(J40:O40,$J$1:$O$1) -> 2 | R40: =ROUND(10^((SUM(J40:N40)-2*SUM($J$1:$N$1))/5),3) -> 0.162 | S40: =ROUND(-1.5*((150^2)/(R40*I40))/1000,0) -> -339 | T40: =-4*S40 -> 1356 | U40: =ROUND(150/(R40^0.5),0) -> 373 | V40: =ROUND(150*I40*ATAN((1800*SQRT(3*R40))/(3*150))*SQRT(3/(R40)),0) -> 486 | W40: =ROUND(1/SQRT(R40),3) -> 2.485 | Y40: =ROUND(B40-D40,3) -> 109.155 | Z40: =ROUND(D40-F40,3) -> 175.678 | AA40: =ROUND(F40-G40,3) -> 120.938 | AC40: =((B40)*3*150^2)/(R40*$AC$3^2+3*150^2) -> 614.5 | AD40: =((B40)*3*150^2)/(R40*$AD$3^2+3*150^2) -> 560.67518 | AE40: =((B40)*3*150^2)/(R40*$AE$3^2+3*150^2) -> 505.34539 | AF40: =((B40)*3*150^2)/(R40*$AF$3^2+3*150^2) -> 413.52624 | AG40: =((B40)*3*150^2)/(R40*$AG$3^2+3*150^2) -> 329.66738 | AH40: =((B40)*3*150^2)/(R40*$AH$3^2+3*150^2) -> 208.72962 | AI40: =((B40)*3*150^2)/(R40*$AI$3^2+3*150^2) -> 137.90395
A41: 711 | B41: 603.4 | C41: 550.54745 | D41: 496.21711 | E41: 406.05653 | F41: 323.71245 | G41: 204.95924 | H41: 135.41293 | I41: =B41/1000 -> 0.6034 | J41: =LOG10((((3*150*150)*B41)/C41)-((3*150*150))) -> 3.811575 | K41: =LOG10((((3*150*150)*B41)/D41)-((3*150*150))) -> 4.1637575 | L41: =LOG10((((3*150*150)*B41)/E41)-((3*150*150))) -> 4.51594 | M41: =LOG10((((3*150*150)*B41)/F41)-((3*150*150))) -> 4.7658175 | N41: =LOG10((((3*150*150)*B41)/G41)-((3*150*150))) -> 5.118 | O41: =LOG10((((3*150*150)*B41)/H41)-((3*150*150))) -> 5.3678775 | P41: =10^(INTERCEPT(J41:O41,$J$1:$O$1)) -> 0.162 | Q41: =LINEST(J41:O41,$J$1:$O$1) -> 2 | R41: =ROUND(10^((SUM(J41:N41)-2*SUM($J$1:$N$1))/5),3) -> 0.162 | S41: =ROUND(-1.5*((150^2)/(R41*I41))/1000,0) -> -345 | T41: =-4*S41 -> 1380 | U41: =ROUND(150/(R41^0.5),0) -> 373 | V41: =ROUND(150*I41*ATAN((1800*SQRT(3*R41))/(3*150))*SQRT(3/(R41)),0) -> 478 | W41: =ROUND(1/SQRT(R41),3) -> 2.485 | Y41: =ROUND(B41-D41,3) -> 107.183 | Z41: =ROUND(D41-F41,3) -> 172.505 | AA41: =ROUND(F41-G41,3) -> 118.753 | AC41: =((B41)*3*150^2)/(R41*$AC$3^2+3*150^2) -> 603.4 | AD41: =((B41)*3*150^2)/(R41*$AD$3^2+3*150^2) -> 550.54745 | AE41: =((B41)*3*150^2)/(R41*$AE$3^2+3*150^2) -> 496.21711 | AF41: =((B41)*3*150^2)/(R41*$AF$3^2+3*150^2) -> 406.05653 | AG41: =((B41)*3*150^2)/(R41*$AG$3^2+3*150^2) -> 323.71245 | AH41: =((B41)*3*150^2)/(R41*$AH$3^2+3*150^2) -> 204.95924 | AI41: =((B41)*3*150^2)/(R41*$AI$3^2+3*150^2) -> 135.41293
A42: 712 | B42: 600.3 | C42: 547.71898 | D42: 493.66776 | E42: 403.97039 | F42: 322.04936 | G42: 203.90625 | H42: 134.71724 | I42: =B42/1000 -> 0.6003 | J42: =LOG10((((3*150*150)*B42)/C42)-((3*150*150))) -> 3.811575 | K42: =LOG10((((3*150*150)*B42)/D42)-((3*150*150))) -> 4.1637575 | L42: =LOG10((((3*150*150)*B42)/E42)-((3*150*150))) -> 4.51594 | M42: =LOG10((((3*150*150)*B42)/F42)-((3*150*150))) -> 4.7658175 | N42: =LOG10((((3*150*150)*B42)/G42)-((3*150*150))) -> 5.118 | O42: =LOG10((((3*150*150)*B42)/H42)-((3*150*150))) -> 5.3678775 | P42: =10^(INTERCEPT(J42:O42,$J$1:$O$1)) -> 0.162 | Q42: =LINEST(J42:O42,$J$1:$O$1) -> 2 | R42: =ROUND(10^((SUM(J42:N42)-2*SUM($J$1:$N$1))/5),3) -> 0.162 | S42: =ROUND(-1.5*((150^2)/(R42*I42))/1000,0) -> -347 | T42: =-4*S42 -> 1388 | U42: =ROUND(150/(R42^0.5),0) -> 373 | V42: =ROUND(150*I42*ATAN((1800*SQRT(3*R42))/(3*150))*SQRT(3/(R42)),0) -> 475 | W42: =ROUND(1/SQRT(R42),3) -> 2.485 | Y42: =ROUND(B42-D42,3) -> 106.632 | Z42: =ROUND(D42-F42,3) -> 171.618 | AA42: =ROUND(F42-G42,3) -> 118.143 | AC42: =((B42)*3*150^2)/(R42*$AC$3^2+3*150^2) -> 600.3 | AD42: =((B42)*3*150^2)/(R42*$AD$3^2+3*150^2) -> 547.71898 | AE42: =((B42)*3*150^2)/(R42*$AE$3^2+3*150^2) -> 493.66776 | AF42: =((B42)*3*150^2)/(R42*$AF$3^2+3*150^2) -> 403.97039 | AG42: =((B42)*3*150^2)/(R42*$AG$3^2+3*150^2) -> 322.04936 | AH42: =((B42)*3*150^2)/(R42*$AH$3^2+3*150^2) -> 203.90625 | AI42: =((B42)*3*150^2)/(R42*$AI$3^2+3*150^2) -> 134.71724
A43: 1377 | B43: 993.8 | C43: 917.66758 | D43: 837.47191 | E43: 699.85915 | F43: 568.96947 | G43: 370.8209 | H43: 249.28094 | I43: =B43/1000 -> 0.9938 | J43: =LOG10((((3*150*150)*B43)/C43)-((3*150*150))) -> 3.748188 | K43: =LOG10((((3*150*150)*B43)/D43)-((3*150*150))) -> 4.1003705 | L43: =LOG10((((3*150*150)*B43)/E43)-((3*150*150))) -> 4.4525531 | M43: =LOG10((((3*150*150)*B43)/F43)-((3*150*150))) -> 4.7024305 | N43: =LOG10((((3*150*150)*B43)/G43)-((3*150*150))) -> 5.0546131 | O43: =LOG10((((3*150*150)*B43)/H43)-((3*150*150))) -> 5.3044905 | P43: =10^(INTERCEPT(J43:O43,$J$1:$O$1)) -> 0.14 | Q43: =LINEST(J43:O43,$J$1:$O$1) -> 2 | R43: =ROUND(10^((SUM(J43:N43)-2*SUM($J$1:$N$1))/5),3) -> 0.14 | S43: =ROUND(-1.5*((150^2)/(R43*I43))/1000,0) -> -243 | T43: =-4*S43 -> 972 | U43: =ROUND(150/(R43^0.5),0) -> 401 | V43: =ROUND(150*I43*ATAN((1800*SQRT(3*R43))/(3*150))*SQRT(3/(R43)),0) -> 830 | W43: =ROUND(1/SQRT(R43),3) -> 2.673 | Y43: =ROUND(B43-D43,3) -> 156.328 | Z43: =ROUND(D43-F43,3) -> 268.502 | AA43: =ROUND(F43-G43,3) -> 198.149 | AC43: =((B43)*3*150^2)/(R43*$AC$3^2+3*150^2) -> 993.8 | AD43: =((B43)*3*150^2)/(R43*$AD$3^2+3*150^2) -> 917.66758 | AE43: =((B43)*3*150^2)/(R43*$AE$3^2+3*150^2) -> 837.47191 | AF43: =((B43)*3*150^2)/(R43*$AF$3^2+3*150^2) -> 699.85915 | AG43: =((B43)*3*150^2)/(R43*$AG$3^2+3*150^2) -> 568.96947 | AH43: =((B43)*3*150^2)/(R43*$AH$3^2+3*150^2) -> 370.8209 | AI43: =((B43)*3*150^2)/(R43*$AI$3^2+3*150^2) -> 249.28094
A44: 1398 | B44: 997.9 | C44: 918.4381 | D44: 835.29576 | E44: 693.94993 | F44: 561.03823 | G44: 362.60901 | H44: 242.52268 | I44: =B44/1000 -> 0.9979 | J44: =LOG10((((3*150*150)*B44)/C44)-((3*150*150))) -> 3.7664128 | K44: =LOG10((((3*150*150)*B44)/D44)-((3*150*150))) -> 4.1185954 | L44: =LOG10((((3*150*150)*B44)/E44)-((3*150*150))) -> 4.4707779 | M44: =LOG10((((3*150*150)*B44)/F44)-((3*150*150))) -> 4.7206554 | N44: =LOG10((((3*150*150)*B44)/G44)-((3*150*150))) -> 5.0728379 | O44: =LOG10((((3*150*150)*B44)/H44)-((3*150*150))) -> 5.3227153 | P44: =10^(INTERCEPT(J44:O44,$J$1:$O$1)) -> 0.146 | Q44: =LINEST(J44:O44,$J$1:$O$1) -> 2 | R44: =ROUND(10^((SUM(J44:N44)-2*SUM($J$1:$N$1))/5),3) -> 0.146 | S44: =ROUND(-1.5*((150^2)/(R44*I44))/1000,0) -> -232 | T44: =-4*S44 -> 928 | U44: =ROUND(150/(R44^0.5),0) -> 393 | V44: =ROUND(150*I44*ATAN((1800*SQRT(3*R44))/(3*150))*SQRT(3/(R44)),0) -> 821 | W44: =ROUND(1/SQRT(R44),3) -> 2.617 | Y44: =ROUND(B44-D44,3) -> 162.604 | Z44: =ROUND(D44-F44,3) -> 274.258 | AA44: =ROUND(F44-G44,3) -> 198.429 | AC44: =((B44)*3*150^2)/(R44*$AC$3^2+3*150^2) -> 997.9 | AD44: =((B44)*3*150^2)/(R44*$AD$3^2+3*150^2) -> 918.4381 | AE44: =((B44)*3*150^2)/(R44*$AE$3^2+3*150^2) -> 835.29576 | AF44: =((B44)*3*150^2)/(R44*$AF$3^2+3*150^2) -> 693.94993 | AG44: =((B44)*3*150^2)/(R44*$AG$3^2+3*150^2) -> 561.03823 | AH44: =((B44)*3*150^2)/(R44*$AH$3^2+3*150^2) -> 362.60901 | AI44: =((B44)*3*150^2)/(R44*$AI$3^2+3*150^2) -> 242.52268
A45: 1391 | B45: 995.3 | C45: 916.04513 | D45: 833.11942 | E45: 692.14186 | F45: 559.57646 | G45: 361.66424 | H45: 241.8908 | I45: =B45/1000 -> 0.9953 | J45: =LOG10((((3*150*150)*B45)/C45)-((3*150*150))) -> 3.7664128 | K45: =LOG10((((3*150*150)*B45)/D45)-((3*150*150))) -> 4.1185954 | L45: =LOG10((((3*150*150)*B45)/E45)-((3*150*150))) -> 4.4707779 | M45: =LOG10((((3*150*150)*B45)/F45)-((3*150*150))) -> 4.7206554 | N45: =LOG10((((3*150*150)*B45)/G45)-((3*150*150))) -> 5.0728379 | O45: =LOG10((((3*150*150)*B45)/H45)-((3*150*150))) -> 5.3227153 | P45: =10^(INTERCEPT(J45:O45,$J$1:$O$1)) -> 0.146 | Q45: =LINEST(J45:O45,$J$1:$O$1) -> 2 | R45: =ROUND(10^((SUM(J45:N45)-2*SUM($J$1:$N$1))/5),3) -> 0.146 | S45: =ROUND(-1.5*((150^2)/(R45*I45))/1000,0) -> -232 | T45: =-4*S45 -> 928 | U45: =ROUND(150/(R45^0.5),0) -> 393 | V45: =ROUND(150*I45*ATAN((1800*SQRT(3*R45))/(3*150))*SQRT(3/(R45)),0) -> 819 | W45: =ROUND(1/SQRT(R45),3) -> 2.617 | Y45: =ROUND(B45-D45,3) -> 162.181 | Z45: =ROUND(D45-F45,3) -> 273.543 | AA45: =ROUND(F45-G45,3) -> 197.912 | AC45: =((B45)*3*150^2)/(R45*$AC$3^2+3*150^2) -> 995.3 | AD45: =((B45)*3*150^2)/(R45*$AD$3^2+3*150^2) -> 916.04513 | AE45: =((B45)*3*150^2)/(R45*$AE$3^2+3*150^2) -> 833.11942 | AF45: =((B45)*3*150^2)/(R45*$AF$3^2+3*150^2) -> 692.14186 | AG45: =((B45)*3*150^2)/(R45*$AG$3^2+3*150^2) -> 559.57646 | AH45: =((B45)*3*150^2)/(R45*$AH$3^2+3*150^2) -> 361.66424 | AI45: =((B45)*3*150^2)/(R45*$AI$3^2+3*150^2) -> 241.8908
A46: 1388 | B46: 993.4 | C46: 913.79804 | D46: 830.60201 | E46: 689.38237 | F46: 556.83857 | G46: 359.40666 | H46: 240.18375 | I46: =B46/1000 -> 0.9934 | J46: =LOG10((((3*150*150)*B46)/C46)-((3*150*150))) -> 3.7693773 | K46: =LOG10((((3*150*150)*B46)/D46)-((3*150*150))) -> 4.1215598 | L46: =LOG10((((3*150*150)*B46)/E46)-((3*150*150))) -> 4.4737424 | M46: =LOG10((((3*150*150)*B46)/F46)-((3*150*150))) -> 4.7236198 | N46: =LOG10((((3*150*150)*B46)/G46)-((3*150*150))) -> 5.0758024 | O46: =LOG10((((3*150*150)*B46)/H46)-((3*150*150))) -> 5.3256798 | P46: =10^(INTERCEPT(J46:O46,$J$1:$O$1)) -> 0.147 | Q46: =LINEST(J46:O46,$J$1:$O$1) -> 2 | R46: =ROUND(10^((SUM(J46:N46)-2*SUM($J$1:$N$1))/5),3) -> 0.147 | S46: =ROUND(-1.5*((150^2)/(R46*I46))/1000,0) -> -231 | T46: =-4*S46 -> 924 | U46: =ROUND(150/(R46^0.5),0) -> 391 | V46: =ROUND(150*I46*ATAN((1800*SQRT(3*R46))/(3*150))*SQRT(3/(R46)),0) -> 815 | W46: =ROUND(1/SQRT(R46),3) -> 2.608 | Y46: =ROUND(B46-D46,3) -> 162.798 | Z46: =ROUND(D46-F46,3) -> 273.763 | AA46: =ROUND(F46-G46,3) -> 197.432 | AC46: =((B46)*3*150^2)/(R46*$AC$3^2+3*150^2) -> 993.4 | AD46: =((B46)*3*150^2)/(R46*$AD$3^2+3*150^2) -> 913.79804 | AE46: =((B46)*3*150^2)/(R46*$AE$3^2+3*150^2) -> 830.60201 | AF46: =((B46)*3*150^2)/(R46*$AF$3^2+3*150^2) -> 689.38237 | AG46: =((B46)*3*150^2)/(R46*$AG$3^2+3*150^2) -> 556.83857 | AH46: =((B46)*3*150^2)/(R46*$AH$3^2+3*150^2) -> 359.40666 | AI46: =((B46)*3*150^2)/(R46*$AI$3^2+3*150^2) -> 240.18375
A47: =AVERAGE(A35:A38) -> 363 | B47: =AVERAGE(B35:B38) -> 354.45 | C47: =AVERAGE(C35:C38) -> 321.71237 | D47: =AVERAGE(D35:D38) -> 288.41468 | E47: =AVERAGE(E35:E38) -> 233.93672 | F47: =AVERAGE(F35:F38) -> 185.01229 | G47: =AVERAGE(G35:G38) -> 115.81205 | H47: =AVERAGE(H35:H38) -> 76.010175 | ... W47: =AVERAGE(W35:W38) -> 2.41275 | X47: =SLOPE(W47:W49,A47:A49) -> 0.00021114549 | Y47: =AVERAGE(Y35:Y38) -> 66.03525 | Z47: =AVERAGE(Z35:Z38) -> 103.40225 | AA47: =AVERAGE(AA35:AA38) -> 69.20025 | AC47: =AVERAGE(AC35:AC38) -> 354.45 | AD47: =AVERAGE(AD35:AD38) -> 321.71237 | AE47: =AVERAGE(AE35:AE38) -> 288.41468 | AF47: =AVERAGE(AF35:AF38) -> 233.93672 | AG47: =AVERAGE(AG35:AG38) -> 185.01229 | AH47: =AVERAGE(AH35:AH38) -> 115.81205 | AI47: =AVERAGE(AI35:AI38) -> 76.010175
A48: =AVERAGE(A39:A42) -> 708.5 | B48: =AVERAGE(B39:B42) -> 606.075 | C48: =AVERAGE(C39:C42) -> 552.91343 | D48: =AVERAGE(D39:D42) -> 498.28046 | E48: =AVERAGE(E39:E42) -> 407.65122 | F48: =AVERAGE(F39:F42) -> 324.91561 | G48: =AVERAGE(G39:G42) -> 205.65893 | H48: =AVERAGE(H39:H42) -> 135.85122 | ... W48: =AVERAGE(W39:W42) -> 2.483 | Y48: =AVERAGE(Y39:Y42) -> 107.7945 | Z48: =AVERAGE(Z39:Z42) -> 173.36475 | AA48: =AVERAGE(AA39:AA42) -> 119.25675 | AB48: =AC48/AC47 -> 1.7099027 | AC48: =AVERAGE(AC39:AC42) -> 606.075 | AD48: =AVERAGE(AD39:AD42) -> 552.91343 | AE48: =AVERAGE(AE39:AE42) -> 498.28046 | AF48: =AVERAGE(AF39:AF42) -> 407.65122 | AG48: =AVERAGE(AG39:AG42) -> 324.91561 | AH48: =AVERAGE(AH39:AH42) -> 205.65893 | AI48: =AVERAGE(AI39:AI42) -> 135.85122 | AJ48: =AI48/AI47 -> 1.7872767
A49: =AVERAGE(A43:A46) -> 1388.5 | B49: =AVERAGE(B43:B46) -> 995.1 | C49: =AVERAGE(C43:C46) -> 916.48721 | D49: =AVERAGE(D43:D46) -> 834.12227 | E49: =AVERAGE(E43:E46) -> 693.83333 | F49: =AVERAGE(F43:F46) -> 561.60568 | G49: =AVERAGE(G43:G46) -> 363.6252 | H49: =AVERAGE(H43:H46) -> 243.46954 | ... W49: =AVERAGE(W43:W46) -> 2.62875 | Y49: =AVERAGE(Y43:Y46) -> 160.97775 | Z49: =AVERAGE(Z43:Z46) -> 272.5165 | AA49: =AVERAGE(AA43:AA46) -> 197.9805 | AB49: =AC49/AC47 -> 2.8074482 | AC49: =AVERAGE(AC43:AC46) -> 995.1 | AD49: =AVERAGE(AD43:AD46) -> 916.48721 | AE49: =AVERAGE(AE43:AE46) -> 834.12227 | AF49: =AVERAGE(AF43:AF46) -> 693.83333 | AG49: =AVERAGE(AG43:AG46) -> 561.60568 | AH49: =AVERAGE(AH43:AH46) -> 363.6252 | AI49: =AVERAGE(AI43:AI46) -> 243.46954 | AJ49: =AI49/AI47 -> 3.2031178
A50: 385 | B50: 450.6 | C50: 381.43341 | D50: 320.02841 | E50: 234.93222 | F50: 171.20061 | G50: 96.446918 | H50: 59.856536 | I50: =B50/1000 -> 0.4506 | J50: =LOG10((((3*150*150)*B50)/C50)-((3*150*150))) -> 4.0877814 | K50: =LOG10((((3*150*150)*B50)/D50)-((3*150*150))) -> 4.4399639 | L50: =LOG10((((3*150*150)*B50)/E50)-((3*150*150))) -> 4.7921465 | M50: =LOG10((((3*150*150)*B50)/F50)-((3*150*150))) -> 5.0420239 | N50: =LOG10((((3*150*150)*B50)/G50)-((3*150*150))) -> 5.3942064 | O50: =LOG10((((3*150*150)*B50)/H50)-((3*150*150))) -> 5.6440839 | P50: =10^(INTERCEPT(J50:O50,$J$1:$O$1)) -> 0.306 | Q50: =LINEST(J50:O50,$J$1:$O$1) -> 2 | R50: =ROUND(10^((SUM(J50:N50)-2*SUM($J$1:$N$1))/5),3) -> 0.306 | S50: =ROUND(-1.5*((150^2)/(R50*I50))/1000,0) -> -245 | T50: =-4*S50 -> 980 | U50: =ROUND(150/(R50^0.5),0) -> 271 | V50: =ROUND(150*I50*ATAN((1800*SQRT(3*R50))/(3*150))*SQRT(3/(R50)),0) -> 278 | W50: =ROUND(1/SQRT(R50),3) -> 1.808 | X50: =SLOPE(W50:W61,A50:A61) -> 0.0002307768 | Y50: =ROUND(B50-D50,3) -> 130.572 | Z50: =ROUND(D50-F50,3) -> 148.828 | AA50: =ROUND(F50-G50,3) -> 74.754 | AC50: =((B50)*3*150^2)/(R50*$AC$3^2+3*150^2) -> 450.6 | AD50: =((B50)*3*150^2)/(R50*$AD$3^2+3*150^2) -> 381.43341 | AE50: =((B50)*3*150^2)/(R50*$AE$3^2+3*150^2) -> 320.02841 | AF50: =((B50)*3*150^2)/(R50*$AF$3^2+3*150^2) -> 234.93222 | AG50: =((B50)*3*150^2)/(R50*$AG$3^2+3*150^2) -> 171.20061 | AH50: =((B50)*3*150^2)/(R50*$AH$3^2+3*150^2) -> 96.446918 | AI50: =((B50)*3*150^2)/(R50*$AI$3^2+3*150^2) -> 59.856536
A51: 390 | B51: 422.2 | C51: 356.85575 | D51: 299.0085 | E51: 219.09704 | F51: 159.44109 | G51: 89.677145 | H51: 55.61117 | I51: =B51/1000 -> 0.4222 | J51: =LOG10((((3*150*150)*B51)/C51)-((3*150*150))) -> 4.0920185 | K51: =LOG10((((3*150*150)*B51)/D51)-((3*150*150))) -> 4.444201 | L51: =LOG10((((3*150*150)*B51)/E51)-((3*150*150))) -> 4.7963835 | M51: =LOG10((((3*150*150)*B51)/F51)-((3*150*150))) -> 5.046261 | N51: =LOG10((((3*150*150)*B51)/G51)-((3*150*150))) -> 5.3984435 | O51: =LOG10((((3*150*150)*B51)/H51)-((3*150*150))) -> 5.648321 | P51: =10^(INTERCEPT(J51:O51,$J$1:$O$1)) -> 0.309 | Q51: =LINEST(J51:O51,$J$1:$O$1) -> 2 | R51: =ROUND(10^((SUM(J51:N51)-2*SUM($J$1:$N$1))/5),3) -> 0.309 | S51: =ROUND(-1.5*((150^2)/(R51*I51))/1000,0) -> -259 | T51: =-4*S51 -> 1036 | U51: =ROUND(150/(R51^0.5),0) -> 270 | V51: =ROUND(150*I51*ATAN((1800*SQRT(3*R51))/(3*150))*SQRT(3/(R51)),0) -> 260 | W51: =ROUND(1/SQRT(R51),3) -> 1.799 | Y51: =ROUND(B51-D51,3) -> 123.192 | Z51: =ROUND(D51-F51,3) -> 139.567 | AA51: =ROUND(F51-G51,3) -> 69.764 | AC51: =((B51)*3*150^2)/(R51*$AC$3^2+3*150^2) -> 422.2 | AD51: =((B51)*3*150^2)/(R51*$AD$3^2+3*150^2) -> 356.85575 | AE51: =((B51)*3*150^2)/(R51*$AE$3^2+3*150^2) -> 299.0085 | AF51: =((B51)*3*150^2)/(R51*$AF$3^2+3*150^2) -> 219.09704 | AG51: =((B51)*3*150^2)/(R51*$AG$3^2+3*150^2) -> 159.44109 | AH51: =((B51)*3*150^2)/(R51*$AH$3^2+3*150^2) -> 89.677145 | AI51: =((B51)*3*150^2)/(R51*$AI$3^2+3*150^2) -> 55.61117
A52: 388 | B52: 409.4 | C52: 346.9056 | D52: 291.31879 | E52: 214.12134 | F52: 156.18006 | G52: 88.080895 | H52: 54.693623 | I52: =B52/1000 -> 0.4094 | J52: =LOG10((((3*150*150)*B52)/C52)-((3*150*150))) -> 4.0849336 | K52: =LOG10((((3*150*150)*B52)/D52)-((3*150*150))) -> 4.4371161 | L52: =LOG10((((3*150*150)*B52)/E52)-((3*150*150))) -> 4.7892986 | M52: =LOG10((((3*150*150)*B52)/F52)-((3*150*150))) -> 5.0391761 | N52: =LOG10((((3*150*150)*B52)/G52)-((3*150*150))) -> 5.3913586 | O52: =LOG10((((3*150*150)*B52)/H52)-((3*150*150))) -> 5.6412361 | P52: =10^(INTERCEPT(J52:O52,$J$1:$O$1)) -> 0.304 | Q52: =LINEST(J52:O52,$J$1:$O$1) -> 2 | R52: =ROUND(10^((SUM(J52:N52)-2*SUM($J$1:$N$1))/5),3) -> 0.304 | S52: =ROUND(-1.5*((150^2)/(R52*I52))/1000,0) -> -271 | T52: =-4*S52 -> 1084 | U52: =ROUND(150/(R52^0.5),0) -> 272 | V52: =ROUND(150*I52*ATAN((1800*SQRT(3*R52))/(3*150))*SQRT(3/(R52)),0) -> 254 | W52: =ROUND(1/SQRT(R52),3) -> 1.814 | Y52: =ROUND(B52-D52,3) -> 118.081 | Z52: =ROUND(D52-F52,3) -> 135.139 | AA52: =ROUND(F52-G52,3) -> 68.099 | AC52: =((B52)*3*150^2)/(R52*$AC$3^2+3*150^2) -> 409.4 | AD52: =((B52)*3*150^2)/(R52*$AD$3^2+3*150^2) -> 346.9056 | AE52: =((B52)*3*150^2)/(R52*$AE$3^2+3*150^2) -> 291.31879 | AF52: =((B52)*3*150^2)/(R52*$AF$3^2+3*150^2) -> 214.12134 | AG52: =((B52)*3*150^2)/(R52*$AG$3^2+3*150^2) -> 156.18006 | AH52: =((B52)*3*150^2)/(R52*$AH$3^2+3*150^2) -> 88.080895 | AI52: =((B52)*3*150^2)/(R52*$AI$3^2+3*150^2) -> 54.693623
A53: 387 | B53: 405.9 | C53: 344.28562 | D53: 289.37738 | E53: 212.95908 | F53: 155.47753 | G53: 87.781142 | H53: 54.536904 | I53: =B53/1000 -> 0.4059 | J53: =LOG10((((3*150*150)*B53)/C53)-((3*150*150))) -> 4.0820669 | K53: =LOG10((((3*150*150)*B53)/D53)-((3*150*150))) -> 4.4342495 | L53: =LOG10((((3*150*150)*B53)/E53)-((3*150*150))) -> 4.786432 | M53: =LOG10((((3*150*150)*B53)/F53)-((3*150*150))) -> 5.0363094 | N53: =LOG10((((3*150*150)*B53)/G53)-((3*150*150))) -> 5.388492 | O53: =LOG10((((3*150*150)*B53)/H53)-((3*150*150))) -> 5.6383694 | P53: =10^(INTERCEPT(J53:O53,$J$1:$O$1)) -> 0.302 | Q53: =LINEST(J53:O53,$J$1:$O$1) -> 2 | R53: =ROUND(10^((SUM(J53:N53)-2*SUM($J$1:$N$1))/5),3) -> 0.302 | S53: =ROUND(-1.5*((150^2)/(R53*I53))/1000,0) -> -275 | T53: =-4*S53 -> 1100 | U53: =ROUND(150/(R53^0.5),0) -> 273 | V53: =ROUND(150*I53*ATAN((1800*SQRT(3*R53))/(3*150))*SQRT(3/(R53)),0) -> 252 | W53: =ROUND(1/SQRT(R53),3) -> 1.82 | Y53: =ROUND(B53-D53,3) -> 116.523 | Z53: =ROUND(D53-F53,3) -> 133.9 | AA53: =ROUND(F53-G53,3) -> 67.696 | AC53: =((B53)*3*150^2)/(R53*$AC$3^2+3*150^2) -> 405.9 | AD53: =((B53)*3*150^2)/(R53*$AD$3^2+3*150^2) -> 344.28562 | AE53: =((B53)*3*150^2)/(R53*$AE$3^2+3*150^2) -> 289.37738 | AF53: =((B53)*3*150^2)/(R53*$AF$3^2+3*150^2) -> 212.95908 | AG53: =((B53)*3*150^2)/(R53*$AG$3^2+3*150^2) -> 155.47753 | AH53: =((B53)*3*150^2)/(R53*$AH$3^2+3*150^2) -> 87.781142 | AI53: =((B53)*3*150^2)/(R53*$AI$3^2+3*150^2) -> 54.536904
A54: 728 | B54: 713.9 | C54: 613.86306 | D54: 522.36585 | E54: 391.17808 | F54: 289.41892 | G54: 166.02326 | H54: 103.96602 | I54: =B54/1000 -> 0.7139 | J54: =LOG10((((3*150*150)*B54)/C54)-((3*150*150))) -> 4.0413927 | K54: =LOG10((((3*150*150)*B54)/D54)-((3*150*150))) -> 4.3935752 | L54: =LOG10((((3*150*150)*B54)/E54)-((3*150*150))) -> 4.7457577 | M54: =LOG10((((3*150*150)*B54)/F54)-((3*150*150))) -> 4.9956352 | N54: =LOG10((((3*150*150)*B54)/G54)-((3*150*150))) -> 5.3478177 | O54: =LOG10((((3*150*150)*B54)/H54)-((3*150*150))) -> 5.5976952 | P54: =10^(INTERCEPT(J54:O54,$J$1:$O$1)) -> 0.275 | Q54: =LINEST(J54:O54,$J$1:$O$1) -> 2 | R54: =ROUND(10^((SUM(J54:N54)-2*SUM($J$1:$N$1))/5),3) -> 0.275 | S54: =ROUND(-1.5*((150^2)/(R54*I54))/1000,0) -> -172 | T54: =-4*S54 -> 688 | U54: =ROUND(150/(R54^0.5),0) -> 286 | V54: =ROUND(150*I54*ATAN((1800*SQRT(3*R54))/(3*150))*SQRT(3/(R54)),0) -> 461 | W54: =ROUND(1/SQRT(R54),3) -> 1.907 | Y54: =ROUND(B54-D54,3) -> 191.534 | Z54: =ROUND(D54-F54,3) -> 232.947 | AA54: =ROUND(F54-G54,3) -> 123.396 | AC54: =((B54)*3*150^2)/(R54*$AC$3^2+3*150^2) -> 713.9 | AD54: =((B54)*3*150^2)/(R54*$AD$3^2+3*150^2) -> 613.86306 | AE54: =((B54)*3*150^2)/(R54*$AE$3^2+3*150^2) -> 522.36585 | AF54: =((B54)*3*150^2)/(R54*$AF$3^2+3*150^2) -> 391.17808 | AG54: =((B54)*3*150^2)/(R54*$AG$3^2+3*150^2) -> 289.41892 | AH54: =((B54)*3*150^2)/(R54*$AH$3^2+3*150^2) -> 166.02326 | AI54: =((B54)*3*150^2)/(R54*$AI$3^2+3*150^2) -> 103.96602
A55: 708 | B55: 691 | C55: 594.47489 | D55: 506.10352 | E55: 379.25357 | F55: 280.74215 | G55: 161.14739 | H55: 100.94468 | I55: =B55/1000 -> 0.691 | J55: =LOG10((((3*150*150)*B55)/C55)-((3*150*150))) -> 4.0398106 | K55: =LOG10((((3*150*150)*B55)/D55)-((3*150*150))) -> 4.3919931 | L55: =LOG10((((3*150*150)*B55)/E55)-((3*150*150))) -> 4.7441756 | M55: =LOG10((((3*150*150)*B55)/F55)-((3*150*150))) -> 4.9940531 | N55: =LOG10((((3*150*150)*B55)/G55)-((3*150*150))) -> 5.3462356 | O55: =LOG10((((3*150*150)*B55)/H55)-((3*150*150))) -> 5.5961131 | P55: =10^(INTERCEPT(J55:O55,$J$1:$O$1)) -> 0.274 | Q55: =LINEST(J55:O55,$J$1:$O$1) -> 2 | R55: =ROUND(10^((SUM(J55:N55)-2*SUM($J$1:$N$1))/5),3) -> 0.274 | S55: =ROUND(-1.5*((150^2)/(R55*I55))/1000,0) -> -178 | T55: =-4*S55 -> 712 | U55: =ROUND(150/(R55^0.5),0) -> 287 | V55: =ROUND(150*I55*ATAN((1800*SQRT(3*R55))/(3*150))*SQRT(3/(R55)),0) -> 446 | W55: =ROUND(1/SQRT(R55),3) -> 1.91 | Y55: =ROUND(B55-D55,3) -> 184.896 | Z55: =ROUND(D55-F55,3) -> 225.361 | AA55: =ROUND(F55-G55,3) -> 119.595 | AC55: =((B55)*3*150^2)/(R55*$AC$3^2+3*150^2) -> 691 | AD55: =((B55)*3*150^2)/(R55*$AD$3^2+3*150^2) -> 594.47489 | AE55: =((B55)*3*150^2)/(R55*$AE$3^2+3*150^2) -> 506.10352 | AF55: =((B55)*3*150^2)/(R55*$AF$3^2+3*150^2) -> 379.25357 | AG55: =((B55)*3*150^2)/(R55*$AG$3^2+3*150^2) -> 280.74215 | AH55: =((B55)*3*150^2)/(R55*$AH$3^2+3*150^2) -> 161.14739 | AI55: =((B55)*3*150^2)/(R55*$AI$3^2+3*150^2) -> 100.94468
